OBJECTID,Location,Point ID,Latitude,Longitude,GPS_Date,GPS_Time,Max_PDOP,Horz_Prec,GlobalID,CreationDate,Creator,EditDate,Editor,x,y
1,Del Sol,G Major Start,34.416508260,-119.866347398,5/20/2019 12:00:00 AM,02:16:07pm,1.6,0.6,49b6e3e3-3d92-4b57-945c-f5a214695e9c,5/13/2021 5:27:13 PM,CCBER-Admin,5/13/2021 5:27:13 PM,CCBER-Admin,-119.866334923725,34.4165034060952
2,Del Sol,G Major End,34.416550136,-119.866007647,5/20/2019 12:00:00 AM,02:17:31pm,1.7,0.6,c5a389e9-431b-43c1-9c99-c2efae6ee0e2,5/13/2021 5:27:13 PM,CCBER-Admin,5/13/2021 5:27:13 PM,CCBER-Admin,-119.865995173173,34.4165452820013
3,Del Sol,E Major End,34.415853241,-119.864891750,5/20/2019 12:00:00 AM,03:37:48pm,6,0.6,3f19d48a-bfcb-46da-be4d-a6dc50dc271c,5/13/2021 5:27:13 PM,CCBER-Admin,5/13/2021 5:27:13 PM,CCBER-Admin,-119.864879275851,34.4158483871114
4,Del Sol,E Major Start,34.415901903,-119.865279602,5/20/2019 12:00:00 AM,04:52:36pm,2.7,0.6,ef5644e7-a834-4735-8789-79b388a87218,5/13/2021 5:27:13 PM,CCBER-Admin,5/13/2021 5:27:13 PM,CCBER-Admin,-119.86526712778,34.4158970497587
5,Del Sol,J Major Start,34.416914991,-119.865246288,5/21/2019 12:00:00 AM,05:22:56pm,4.1,0.6,2090f8b0-c23e-4399-8c34-c7a9b6dc8c45,5/13/2021 5:27:13 PM,CCBER-Admin,5/13/2021 5:27:13 PM,CCBER-Admin,-119.865233813456,34.4169101372039
6,Del Sol,J Major End,34.416850275,-119.865098416,5/21/2019 12:00:00 AM,05:23:43pm,5.4,0.6,21fdc0ac-b783-4742-9d97-5152aeb29561,5/13/2021 5:27:13 PM,CCBER-Admin,5/13/2021 5:27:13 PM,CCBER-Admin,-119.86508594214,34.4168454210604
7,Del Sol,F Major End,34.416224219,-119.864822300,6/6/2019 12:00:00 AM,02:44:10pm,2.2,2.4,12945f33-e472-4bd6-aee4-22fa766ed08e,5/13/2021 5:27:13 PM,CCBER-Admin,5/13/2021 5:27:13 PM,CCBER-Admin,-119.864809826743,34.4162193647751
8,Del Sol,F Major Start,34.416243533,-119.865219006,6/6/2019 12:00:00 AM,02:48:01pm,2.1,2.2,be6d5fde-9009-4f52-99ee-09d45e6ad97e,5/13/2021 5:27:13 PM,CCBER-Admin,5/13/2021 5:27:13 PM,CCBER-Admin,-119.86520653241,34.4162386788668
9,Del Sol,L Major End,34.416782924,-119.865076129,6/6/2019 12:00:00 AM,04:40:44pm,15.9,2.8,a7dcaa1f-de59-4ac7-8478-1294787acd01,5/13/2021 5:27:13 PM,CCBER-Admin,5/13/2021 5:27:13 PM,CCBER-Admin,-119.865063654922,34.4167780701783
10,Del Sol,L Major Start,34.416718061,-119.865239550,6/6/2019 12:00:00 AM,04:41:27pm,2.4,2,2cfed6f1-6c5f-4b16-a11d-ad973b142021,5/13/2021 5:27:13 PM,CCBER-Admin,5/13/2021 5:27:13 PM,CCBER-Admin,-119.865227076145,34.4167132074916
11,Del Sol,I Major Start,34.416887569,-119.865115383,6/6/2019 12:00:00 AM,05:40:28pm,2.2,3,b92c4051-933d-4da1-a319-8deaeaa562ed,5/13/2021 5:27:13 PM,CCBER-Admin,5/13/2021 5:27:13 PM,CCBER-Admin,-119.865102908303,34.4168827151145
12,Del Sol,I Major End,34.416991117,-119.865016063,6/6/2019 12:00:00 AM,05:41:10pm,2,2.5,43a892f9-2ffe-457c-ae86-49121d029444,5/13/2021 5:27:13 PM,CCBER-Admin,5/13/2021 5:27:13 PM,CCBER-Admin,-119.865003588959,34.4169862630933
13,Del Sol,K minor Start,34.416681054,-119.865035874,6/7/2019 12:00:00 AM,04:47:53pm,2.9,2.3,1b70e596-5295-45ea-96b2-09e4f8f3b596,5/13/2021 5:27:13 PM,CCBER-Admin,5/13/2021 5:27:13 PM,CCBER-Admin,-119.8650233997,34.4166762006797
14,Del Sol,K minor End,34.416691615,-119.864871020,6/7/2019 12:00:00 AM,04:48:41pm,2.7,2.3,177e7b3b-508b-4824-ba09-f108966b6bbf,5/13/2021 5:27:13 PM,CCBER-Admin,5/13/2021 5:27:13 PM,CCBER-Admin,-119.864858546095,34.4166867615988
15,Camino Corto,6 minor Start,34.415854112,-119.866752410,6/10/2019 12:00:00 AM,02:21:20pm,1.8,2.4,9072f5de-c5ae-4001-a354-09ece54a1d50,5/13/2021 5:27:13 PM,CCBER-Admin,5/13/2021 5:27:13 PM,CCBER-Admin,-119.866739935512,34.4158492584445
16,Camino Corto,6 minor End,34.416053764,-119.867079009,6/10/2019 12:00:00 AM,02:22:20pm,1.7,2.2,81201710-b6a9-421f-85f3-c3b559e96388,5/13/2021 5:27:13 PM,CCBER-Admin,5/13/2021 5:27:13 PM,CCBER-Admin,-119.867066535427,34.4160489104214
17,Camino Corto,2 Major Start,34.415884208,-119.867517236,6/10/2019 12:00:00 AM,02:23:37pm,2.8,2.8,6be7bf7b-2772-4e53-8284-0ec99995f630,5/13/2021 5:27:13 PM,CCBER-Admin,5/13/2021 5:27:13 PM,CCBER-Admin,-119.867504761697,34.4158793537552
18,Camino Corto,2 Major End,34.416067346,-119.867865378,6/10/2019 12:00:00 AM,02:24:42pm,2.3,2.4,e715c7d8-e702-47a4-be4b-0f9eef683417,5/13/2021 5:27:13 PM,CCBER-Admin,5/13/2021 5:27:13 PM,CCBER-Admin,-119.867852903748,34.4160624921602
19,Camino Corto,3 Major End,34.415232235,-119.867715457,6/10/2019 12:00:00 AM,02:28:50pm,1.9,2.1,0de7e463-b55c-4a16-a968-f4d98fa22188,5/13/2021 5:27:13 PM,CCBER-Admin,5/13/2021 5:27:13 PM,CCBER-Admin,-119.867702982658,34.4152273815154
20,Camino Corto,3 Major Start,34.414991761,-119.867359754,6/10/2019 12:00:00 AM,02:29:57pm,3,2.7,51aae50f-6609-46c4-80f7-af81417266ec,5/13/2021 5:27:13 PM,CCBER-Admin,5/13/2021 5:27:13 PM,CCBER-Admin,-119.867347279095,34.4149869076822
21,Camino Corto,4 Major Start,34.414841405,-119.867692301,6/10/2019 12:00:00 AM,02:31:07pm,1.9,2.3,ff635d3e-c49d-4fe5-8a85-fb02dc0230ce,5/13/2021 5:27:13 PM,CCBER-Admin,5/13/2021 5:27:13 PM,CCBER-Admin,-119.867679826989,34.4148365512083
22,Camino Corto,4 Major End,34.414663270,-119.867936743,6/10/2019 12:00:00 AM,02:31:44pm,1.8,2.1,feec72a0-3104-475a-86b8-6a0ec3759cf0,5/13/2021 5:27:13 PM,CCBER-Admin,5/13/2021 5:27:13 PM,CCBER-Admin,-119.867924269218,34.4146584157895
23,More Mesa,Main Major Start,34.417403739,-119.786701320,6/3/2019 12:00:00 AM,09:43:26am,2.2,0.6,b3f3b9bc-524b-433d-b637-ef06f0ab2af4,5/13/2021 5:27:13 PM,CCBER-Admin,5/13/2021 5:27:13 PM,CCBER-Admin,-119.786688858515,34.417398880323
24,More Mesa,Main Major End,34.417758756,-119.787148048,6/3/2019 12:00:00 AM,09:46:21am,2.5,0.6,e9818bfc-b4c7-45c2-8c46-827bd3c4d030,5/13/2021 5:27:13 PM,CCBER-Admin,5/13/2021 5:27:13 PM,CCBER-Admin,-119.787135586431,34.4177538974855
25,Ellwood Mesa,Reference Major Start,34.419751800,-119.888718545,5/31/2019 12:00:00 AM,03:46:38pm,1.6,0.6,436ecd12-54f6-48a1-ba81-a77515560a95,5/13/2021 5:27:13 PM,CCBER-Admin,5/13/2021 5:27:13 PM,CCBER-Admin,-119.888706067674,34.419746947254
26,Ellwood Mesa,Reference Major End,34.419878837,-119.888916636,5/31/2019 12:00:00 AM,03:47:44pm,1.9,0.6,b03690c1-e684-4fd5-b247-35e4b5fd5ec7,5/13/2021 5:27:13 PM,CCBER-Admin,5/13/2021 5:27:13 PM,CCBER-Admin,-119.888904157897,34.419873984216
27,Del Sol,W Major Start,34.416130437,-119.865750001,5/28/2019 12:00:00 AM,11:59:07am,7.2,0.6,ae322950-03f4-4da2-93d8-86b4a457d6bd,5/13/2021 5:27:13 PM,CCBER-Admin,5/13/2021 5:27:13 PM,CCBER-Admin,-119.865737526837,34.4161255834124
28,Del Sol,W Major End,34.416274578,-119.865261437,5/28/2019 12:00:00 AM,12:00:26pm,3.8,0.6,9d1a9e88-5111-4fd7-a6ed-56baddca60e8,5/13/2021 5:27:13 PM,CCBER-Admin,5/13/2021 5:27:13 PM,CCBER-Admin,-119.865248962905,34.4162697248459
29,Del Sol,S Major Start,34.416488170,-119.865270523,5/28/2019 12:00:00 AM,12:02:23pm,2,0.6,0c873a05-df4f-487c-9b1d-0c2f4e3a9a72,5/13/2021 5:27:13 PM,CCBER-Admin,5/13/2021 5:27:13 PM,CCBER-Admin,-119.865258049209,34.4164833166486
30,Del Sol,S Major End,34.416471449,-119.864646173,5/28/2019 12:00:00 AM,12:03:22pm,2.3,0.6,186089f1-0092-4904-869b-ad3ad1ceb6f6,5/13/2021 5:27:13 PM,CCBER-Admin,5/13/2021 5:27:13 PM,CCBER-Admin,-119.864633698477,34.4164665950132
31,Del Sol,G Major End,34.416550832,-119.866009254,5/28/2019 12:00:00 AM,12:34:44pm,6.5,0.6,3c91568a-c1b2-49c1-a7de-e3689012674d,5/13/2021 5:27:13 PM,CCBER-Admin,5/13/2021 5:27:13 PM,CCBER-Admin,-119.865996779467,34.4165459786304
32,Del Sol,G Major Start,34.416507771,-119.866349507,5/28/2019 12:00:00 AM,12:36:24pm,2.5,0.6,b5989037-337f-48ab-8923-5e3d18350576,5/13/2021 5:27:13 PM,CCBER-Admin,5/13/2021 5:27:13 PM,CCBER-Admin,-119.866337033327,34.4165029173799
33,Camino Corto,8 Major Start,34.414780475,-119.867027242,5/29/2019 12:00:00 AM,03:42:14pm,1.8,68.9,dbf74553-e96b-4b2a-a1b6-dc5675f4ea6c,5/13/2021 5:27:13 PM,CCBER-Admin,5/13/2021 5:27:13 PM,CCBER-Admin,-119.867014767539,34.4147756211573
34,Camino Corto,8 Major End,34.414989256,-119.867212794,5/29/2019 12:00:00 AM,03:43:11pm,1.7,35.4,a4e6dbd4-c350-4860-b065-030b750d5743,5/13/2021 5:27:13 PM,CCBER-Admin,5/13/2021 5:27:13 PM,CCBER-Admin,-119.867200319917,34.4149844023596
35,Del Sol,V Major End,34.415429162,-119.865892288,5/30/2019 12:00:00 AM,03:27:44pm,3,0.6,484a598e-1073-4ade-873d-a01f59557fc5,5/13/2021 5:27:13 PM,CCBER-Admin,5/13/2021 5:27:13 PM,CCBER-Admin,-119.865879813422,34.4154243081057
36,Del Sol,V Major Start,34.414955154,-119.865693702,5/30/2019 12:00:00 AM,03:29:43pm,2,0.6,a502c068-2c7e-44b4-9108-0ef84e1ec612,5/13/2021 5:27:13 PM,CCBER-Admin,5/13/2021 5:27:13 PM,CCBER-Admin,-119.865681227769,34.414950300513
37,Del Sol,U Major Start,34.415818895,-119.866283230,6/3/2019 12:00:00 AM,02:12:59pm,1.5,0.6,8ae2e13c-2380-4919-ada7-c9d60c574eba,5/13/2021 5:27:13 PM,CCBER-Admin,5/13/2021 5:27:13 PM,CCBER-Admin,-119.866270756038,34.4158140418743
38,Del Sol,U Major End,34.415864737,-119.865797952,6/3/2019 12:00:00 AM,02:14:23pm,1.1,24.2,177c9711-518b-4882-819e-c7f4b49e09f5,5/13/2021 5:27:13 PM,CCBER-Admin,5/13/2021 5:27:13 PM,CCBER-Admin,-119.86578547862,34.4158598833508
39,Camino Corto,5 Major Start,34.414105089,-119.868245053,5/28/2019 12:00:00 AM,01:03:52pm,10.3,0.6,d3c47d7b-b6cd-43cc-94bc-d718fc02105c,5/13/2021 5:27:13 PM,CCBER-Admin,5/13/2021 5:27:13 PM,CCBER-Admin,-119.868232579264,34.4141002357057
40,Camino Corto,5 Major End,34.414198901,-119.868494111,5/28/2019 12:00:00 AM,01:04:27pm,3.2,0.6,e4675ef9-f949-470c-9515-6711a2b71360,5/13/2021 5:27:13 PM,CCBER-Admin,5/13/2021 5:27:13 PM,CCBER-Admin,-119.868481636713,34.4141940479696
41,West Campus Bluffs,1 Major End,34.410778795,-119.870807339,5/1/2019 12:00:00 AM,01:30:25pm,3,0.6,977cab88-61ea-429f-a521-20724e66f24e,5/13/2021 5:27:13 PM,CCBER-Admin,5/13/2021 5:27:13 PM,CCBER-Admin,-119.870794865026,34.4107739416823
42,West Campus Bluffs,1 Major Start,34.410514042,-119.870274435,5/1/2019 12:00:00 AM,01:32:58pm,4.3,0.6,87c45344-5653-4170-ac9b-7ce93e82fe34,5/13/2021 5:27:13 PM,CCBER-Admin,5/13/2021 5:27:13 PM,CCBER-Admin,-119.870261960497,34.4105091893707
43,Ellwood Mesa,2 Major Start,34.418360123,-119.886956883,5/9/2019 12:00:00 AM,02:46:14pm,1.7,0.6,df4db9e4-b22c-4614-a4b8-17141db52571,5/13/2021 5:27:13 PM,CCBER-Admin,5/13/2021 5:27:13 PM,CCBER-Admin,-119.886944405574,34.418355269576
44,Ellwood Mesa,2 Major End,34.418537892,-119.886902777,5/9/2019 12:00:00 AM,02:47:24pm,3.6,0.6,35020726-6a02-4f38-a30a-7eff96d53c5a,5/13/2021 5:27:13 PM,CCBER-Admin,5/13/2021 5:27:13 PM,CCBER-Admin,-119.886890299456,34.4185330388534
45,Ellwood Mesa,3 Major Start,34.418748103,-119.887411594,5/9/2019 12:00:00 AM,03:26:27pm,1.9,0.6,046b1749-d396-4ba4-8807-f7d9504812b8,5/13/2021 5:27:13 PM,CCBER-Admin,5/13/2021 5:27:13 PM,CCBER-Admin,-119.887399117015,34.4187432504326
46,Ellwood Mesa,3 Major End,34.419015172,-119.887543594,5/9/2019 12:00:00 AM,03:32:24pm,4.6,0.6,c5ba6890-f9d7-4638-9c0a-a72d5d9939b6,5/13/2021 5:27:13 PM,CCBER-Admin,5/13/2021 5:27:13 PM,CCBER-Admin,-119.887531116034,34.419010318959
47,Ellwood Mesa,4 Major Start,34.419992209,-119.888814080,5/9/2019 12:00:00 AM,05:01:33pm,1.7,0.6,b7400171-2f94-4ba9-9741-36d358f102eb,5/13/2021 5:27:13 PM,CCBER-Admin,5/13/2021 5:27:13 PM,CCBER-Admin,-119.888801601827,34.4199873559902
48,Ellwood Mesa,4 Major End,34.420036122,-119.888520005,5/9/2019 12:00:00 AM,05:04:54pm,4,0.6,26dbc550-2baf-4de4-a221-4e6007a1e148,5/13/2021 5:27:13 PM,CCBER-Admin,5/13/2021 5:27:13 PM,CCBER-Admin,-119.88850752686,34.4200312696646
49,Del Sol,N Major Start,34.415387966,-119.866355699,5/8/2019 12:00:00 AM,01:29:51pm,2.2,0.6,86366674-7429-413e-9ad3-8bcaefc9271c,5/13/2021 5:27:13 PM,CCBER-Admin,5/13/2021 5:27:13 PM,CCBER-Admin,-119.866343224432,34.4153831127575
50,Del Sol,N Major End,34.415032500,-119.865944584,5/8/2019 12:00:00 AM,01:38:07pm,3.1,0.6,82c6618f-1db3-4c5a-a04e-01b8bbc8ed65,5/13/2021 5:27:13 PM,CCBER-Admin,5/13/2021 5:27:13 PM,CCBER-Admin,-119.865932110401,34.4150276468811
51,Del Sol,H Major Start,34.416823341,-119.864914729,5/13/2019 12:00:00 AM,02:32:29pm,7.8,5.3,90947d92-08a0-41ba-bd46-7209f796947f,5/13/2021 5:27:13 PM,CCBER-Admin,5/13/2021 5:27:13 PM,CCBER-Admin,-119.864902254949,34.4168184876704
52,Del Sol,H Major End,34.416907241,-119.864789071,5/13/2019 12:00:00 AM,02:33:47pm,2,3.2,24837c7c-a2f5-4140-865b-d28805349438,5/13/2021 5:27:13 PM,CCBER-Admin,5/13/2021 5:27:13 PM,CCBER-Admin,-119.864776597251,34.4169023871075
53,Del Sol,M Major Start,34.416822946,-119.865278109,5/13/2019 12:00:00 AM,03:55:47pm,3.2,1.2,3283ad43-3d78-4332-8235-f62342d9be47,5/13/2021 5:27:13 PM,CCBER-Admin,5/13/2021 5:27:13 PM,CCBER-Admin,-119.865265634381,34.4168180920964
54,Del Sol,M Major End,34.416926073,-119.865415365,5/13/2019 12:00:00 AM,03:57:04pm,2.8,0.6,0058628d-b025-4a7b-99bb-ff772d58ab53,5/13/2021 5:27:13 PM,CCBER-Admin,5/13/2021 5:27:13 PM,CCBER-Admin,-119.865402890649,34.4169212196668
55,Del Sol,T Major Start,34.416110138,-119.866229275,4/29/2019 12:00:00 AM,03:00:23pm,1.4,0.6,030ba89e-8261-487f-9379-467df61d771a,5/13/2021 5:27:13 PM,CCBER-Admin,5/13/2021 5:27:13 PM,CCBER-Admin,-119.866216801067,34.4161052844584
56,Del Sol,T Major End,34.416130304,-119.865931545,4/29/2019 12:00:00 AM,03:02:50pm,1.6,0.6,12cde3ca-f473-4895-a44f-ed6e2a5cd518,5/13/2021 5:27:13 PM,CCBER-Admin,5/13/2021 5:27:13 PM,CCBER-Admin,-119.865919071263,34.4161254502908
57,Del Sol,T minor Start,34.416043285,-119.866129592,5/1/2019 12:00:00 AM,03:29:24pm,1.7,0.6,9ec9aaf7-3686-40bf-a6b2-4188527f9186,5/13/2021 5:27:13 PM,CCBER-Admin,5/13/2021 5:27:13 PM,CCBER-Admin,-119.86611711747,34.4160384313389
58,Del Sol,T minor End,34.416212923,-119.866052723,5/1/2019 12:00:00 AM,03:31:01pm,2.3,0.6,0540d639-06de-481f-9f5e-5f50bda09e78,5/13/2021 5:27:13 PM,CCBER-Admin,5/13/2021 5:27:13 PM,CCBER-Admin,-119.866040249252,34.4162080687377
59,Del Sol,N minor Start,34.415337233,-119.866370836,5/3/2019 12:00:00 AM,02:46:44pm,4.5,272.6,474903de-1c1f-437e-ac81-5d85a383188d,5/13/2021 5:27:13 PM,CCBER-Admin,5/13/2021 5:27:13 PM,CCBER-Admin,-119.866358362043,34.4153323793841
60,Del Sol,N minor End,34.415536295,-119.866047538,5/3/2019 12:00:00 AM,02:51:34pm,2,0.6,4e6af8f0-1dc5-4789-9dd0-c40eae985ed2,5/13/2021 5:27:13 PM,CCBER-Admin,5/13/2021 5:27:13 PM,CCBER-Admin,-119.866035064339,34.4155314410672
61,Camino Corto,7 Major Start,34.415196248,-119.866729656,5/10/2019 12:00:00 AM,02:53:19pm,2.5,0.6,5eead650-0162-4a8f-992a-df0708cff553,5/13/2021 5:27:13 PM,CCBER-Admin,5/13/2021 5:27:13 PM,CCBER-Admin,-119.866717181828,34.4151913936962
62,Camino Corto,7 Major End,34.415549102,-119.867155979,5/10/2019 12:00:00 AM,02:54:56pm,4.1,0.6,8da55906-4453-40c3-8d2a-0db4c0a3eab0,5/13/2021 5:27:13 PM,CCBER-Admin,5/13/2021 5:27:13 PM,CCBER-Admin,-119.867143505201,34.4155442477827
63,Del Sol,M minor Start,34.416791636,-119.865372849,6/24/2019 12:00:00 AM,04:14:22pm,3,2.4,746e4061-a3ec-46d3-ab78-cc12d932ebfe,5/13/2021 5:27:13 PM,CCBER-Admin,5/13/2021 5:27:13 PM,CCBER-Admin,-119.865360374712,34.4167867820966
64,Del Sol,M minor End,34.416929920,-119.865322160,6/24/2019 12:00:00 AM,04:16:05pm,2.6,2.1,1ce518c6-1648-47c2-ac0e-51d1a48fecc8,5/13/2021 5:27:13 PM,CCBER-Admin,5/13/2021 5:27:13 PM,CCBER-Admin,-119.865309686166,34.416925066146
65,Del Sol,J minor Start,34.416829783,-119.865219792,6/25/2019 12:00:00 AM,04:29:54pm,2.5,2.3,8ead6878-3e5b-4d2b-8bf7-59087387f63f,5/13/2021 5:27:13 PM,CCBER-Admin,5/13/2021 5:27:13 PM,CCBER-Admin,-119.865207318128,34.4168249292738
66,Del Sol,J minor End,34.416919914,-119.865121289,6/25/2019 12:00:00 AM,04:31:35pm,1.8,2,13888038-2999-470f-a407-6511f73c3d7b,5/13/2021 5:27:13 PM,CCBER-Admin,5/13/2021 5:27:13 PM,CCBER-Admin,-119.86510881486,34.416915060415
67,Del Sol,L minor Start,34.416804379,-119.865195127,6/26/2019 12:00:00 AM,09:18:15am,3.2,2.6,e73baff5-23c3-40e6-864f-25d8aaa7b7a7,5/13/2021 5:27:13 PM,CCBER-Admin,5/13/2021 5:27:13 PM,CCBER-Admin,-119.865182652778,34.4167995259799
68,Del Sol,L minor End,34.416701544,-119.865129004,6/26/2019 12:00:00 AM,09:19:27am,1.8,2.1,4fcb7d10-5be0-4351-8dfe-abee9fc556c8,5/13/2021 5:27:13 PM,CCBER-Admin,5/13/2021 5:27:13 PM,CCBER-Admin,-119.865116529769,34.416696690103
69,Del Sol,I minor End,34.416888182,-119.865042646,6/26/2019 12:00:00 AM,02:09:34pm,4.2,2.7,bb81aba0-4749-49cf-be33-66b3e4172885,5/13/2021 5:27:13 PM,CCBER-Admin,5/13/2021 5:27:13 PM,CCBER-Admin,-119.865030172302,34.4168833287568
70,Del Sol,I minor End,34.417008477,-119.865095613,6/26/2019 12:00:00 AM,02:10:25pm,2.8,2.3,a5f1f886-868d-4dd4-8bd0-61bff0e02ffa,5/13/2021 5:27:13 PM,CCBER-Admin,5/13/2021 5:27:13 PM,CCBER-Admin,-119.865083139247,34.4170036224567
71,Del Sol,K Major Start,34.416765563,-119.864952867,6/26/2019 12:00:00 AM,03:48:29pm,2.7,2.4,ee425bc8-386b-493b-86ac-05998cce3902,5/13/2021 5:27:13 PM,CCBER-Admin,5/13/2021 5:27:13 PM,CCBER-Admin,-119.864940393461,34.4167607094334
72,Del Sol,K Major End,34.416641173,-119.864941927,6/26/2019 12:00:00 AM,03:49:26pm,2.2,2,9753a140-9f32-47f9-9ba5-15120359e94e,5/13/2021 5:27:13 PM,CCBER-Admin,5/13/2021 5:27:13 PM,CCBER-Admin,-119.86492945249,34.4166363186946
73,Del Sol,H minor Start,34.416843546,-119.864783352,6/26/2019 12:00:00 AM,05:33:14pm,3,2.1,ee86fa50-3732-4a8a-9e40-bbf6d2f41a8d,5/13/2021 5:27:13 PM,CCBER-Admin,5/13/2021 5:27:13 PM,CCBER-Admin,-119.864770877869,34.4168386920087
74,Del Sol,H minor End,34.416903565,-119.864906098,6/26/2019 12:00:00 AM,05:34:41pm,3,2,31d66ff0-838d-4046-a6f9-fa4b3330b69e,5/13/2021 5:27:13 PM,CCBER-Admin,5/13/2021 5:27:13 PM,CCBER-Admin,-119.864893623515,34.4168987112265
75,Del Sol,G minor Start,34.416426724,-119.866258830,6/27/2019 12:00:00 AM,09:07:54am,2,2.1,4bf6a31b-8c83-4e2f-9a5a-1c997f556340,5/13/2021 5:27:13 PM,CCBER-Admin,5/13/2021 5:27:13 PM,CCBER-Admin,-119.866246355459,34.4164218703754
76,Del Sol,G minor End,34.416610361,-119.866087037,6/27/2019 12:00:00 AM,09:10:06am,2.1,2,315a1b09-f5eb-47f9-b9b6-5af7367106fb,5/13/2021 5:27:13 PM,CCBER-Admin,5/13/2021 5:27:13 PM,CCBER-Admin,-119.866074562966,34.4166055072571
77,Del Sol,U minor Start,34.415721405,-119.866191772,6/27/2019 12:00:00 AM,03:05:45pm,2.6,2.2,b0957ebf-9b8b-42b8-aaf6-5eba788fe60c,5/13/2021 5:27:13 PM,CCBER-Admin,5/13/2021 5:27:13 PM,CCBER-Admin,-119.866179298208,34.4157165511656
78,Del Sol,U minor End,34.415904572,-119.866121968,6/27/2019 12:00:00 AM,03:07:56pm,2,1.9,2c07ab01-0b0a-49dc-8e1c-7629c27f4c88,5/13/2021 5:27:13 PM,CCBER-Admin,5/13/2021 5:27:13 PM,CCBER-Admin,-119.866109493369,34.4158997187427
79,Camino Corto,2 minor Start,34.416077216,-119.867654121,7/1/2019 12:00:00 AM,09:15:04am,2.4,3,e3da3cab-66b9-4404-8681-365799f86e5e,5/13/2021 5:27:13 PM,CCBER-Admin,5/13/2021 5:27:13 PM,CCBER-Admin,-119.867641646443,34.4160723631534
80,Camino Corto,2 minor End,34.415948430,-119.867841559,7/1/2019 12:00:00 AM,09:16:39am,2.2,2.3,cd3ddb20-e91c-4807-887b-7381761ca3cd,5/13/2021 5:27:13 PM,CCBER-Admin,5/13/2021 5:27:13 PM,CCBER-Admin,-119.867829084969,34.4159435765878
81,Camino Corto,7 minor Start,34.415162031,-119.867008348,7/1/2019 12:00:00 AM,02:17:08pm,2.2,2.2,0fe90865-20c7-4b5f-bd44-7ced81ce77c3,5/13/2021 5:27:13 PM,CCBER-Admin,5/13/2021 5:27:13 PM,CCBER-Admin,-119.866995874112,34.4151571777033
82,Camino Corto,7 minor End,34.415646780,-119.866797310,7/1/2019 12:00:00 AM,02:19:05pm,3,2.3,b13b346c-d315-40d2-a6ee-44fbddc98883,5/13/2021 5:27:13 PM,CCBER-Admin,5/13/2021 5:27:13 PM,CCBER-Admin,-119.8667848357,34.415641925594
83,Camino Corto,5 minor Start,34.414241509,-119.868376709,7/1/2019 12:00:00 AM,03:37:18pm,1.9,2,4d770012-8a07-4c96-91d4-8186a1071e8f,5/13/2021 5:27:13 PM,CCBER-Admin,5/13/2021 5:27:13 PM,CCBER-Admin,-119.868364235312,34.4142366551055
84,Camino Corto,5 minor End,34.414044384,-119.868425264,7/1/2019 12:00:00 AM,03:38:35pm,1.7,2,ffe0abc2-e81c-419e-b56b-16fb478f8e58,5/13/2021 5:27:13 PM,CCBER-Admin,5/13/2021 5:27:13 PM,CCBER-Admin,-119.868412790025,34.4140395308886
85,Camino Corto,4 minor Start,34.414772205,-119.867871458,7/1/2019 12:00:00 AM,03:40:29pm,1.5,3,c2a09ae7-f66b-4908-915e-340dbafad61f,5/13/2021 5:27:13 PM,CCBER-Admin,5/13/2021 5:27:13 PM,CCBER-Admin,-119.867858984273,34.4147673516064
86,Camino Corto,4 minor End,34.414688867,-119.867751109,7/1/2019 12:00:00 AM,03:41:08pm,2,3.1,24b96fcd-3ed5-4c71-b9e5-8f36a123fe63,5/13/2021 5:27:13 PM,CCBER-Admin,5/13/2021 5:27:13 PM,CCBER-Admin,-119.867738634684,34.4146840134942
87,Camino Corto,3 minor Start,34.415054088,-119.867593629,7/1/2019 12:00:00 AM,03:45:57pm,2,2.1,8805f302-ce90-4514-82ed-c62ffc00d9fa,5/13/2021 5:27:13 PM,CCBER-Admin,5/13/2021 5:27:13 PM,CCBER-Admin,-119.86758115415,34.4150492344671
88,Camino Corto,3 minor End,34.415197446,-119.867503882,7/1/2019 12:00:00 AM,03:46:37pm,1.8,2.4,50e4c662-6833-4338-b597-0a6aab52589d,5/13/2021 5:27:13 PM,CCBER-Admin,5/13/2021 5:27:13 PM,CCBER-Admin,-119.867491407263,34.4151925933334
89,Camino Corto,8 minor End,34.414899710,-119.867083673,7/1/2019 12:00:00 AM,03:48:38pm,1.8,2.3,a03e40fb-4f59-4f53-bbac-4334e2804468,5/13/2021 5:27:13 PM,CCBER-Admin,5/13/2021 5:27:13 PM,CCBER-Admin,-119.867071199339,34.4148948562144
90,Camino Corto,8 minor Start,34.414805289,-119.867187793,7/1/2019 12:00:00 AM,03:49:24pm,1.8,2.2,206bc980-1af1-4f4c-975a-7ee9e6cb911b,5/13/2021 5:27:13 PM,CCBER-Admin,5/13/2021 5:27:13 PM,CCBER-Admin,-119.867175319398,34.4148004350888
91,Del Sol,F minor Start,34.416182833,-119.865070704,7/2/2019 12:00:00 AM,09:14:52am,1.8,1.9,fd2ce747-070b-4242-9b65-36c62bfbc8d0,5/13/2021 5:27:13 PM,CCBER-Admin,5/13/2021 5:27:13 PM,CCBER-Admin,-119.865058229994,34.4161779791072
92,Del Sol,F minor End,34.416305090,-119.865025519,7/2/2019 12:00:00 AM,09:15:45am,1.7,2.1,9badaa16-09ff-4810-8226-27704cb39417,5/13/2021 5:27:13 PM,CCBER-Admin,5/13/2021 5:27:13 PM,CCBER-Admin,-119.865013044711,34.4163002366986
93,Del Sol,W minor Start,34.416179029,-119.865318312,7/2/2019 12:00:00 AM,10:12:13am,2.9,5.9,58f58878-4295-4d54-aa80-273b4a86d447,5/13/2021 5:27:13 PM,CCBER-Admin,5/13/2021 5:27:13 PM,CCBER-Admin,-119.865305838271,34.4161741754608
94,Del Sol,W minor End,34.416363870,-119.865407369,7/2/2019 12:00:00 AM,10:13:07am,3,4.9,d9f8c5d8-6f6f-4f69-b2b0-b1cb5711bed2,5/13/2021 5:27:13 PM,CCBER-Admin,5/13/2021 5:27:13 PM,CCBER-Admin,-119.86539489541,34.4163590161382
95,Del Sol,S minor Start,34.416363139,-119.864969304,7/3/2019 12:00:00 AM,09:14:28am,1.9,2.1,4ef7b65d-0d85-4a00-9866-ddca83f0230d,5/13/2021 5:27:13 PM,CCBER-Admin,5/13/2021 5:27:13 PM,CCBER-Admin,-119.864956830741,34.4163582857139
96,Del Sol,S minor End,34.416515263,-119.864964467,7/3/2019 12:00:00 AM,09:15:35am,2,2.2,1c465248-3a97-4e46-97ed-75391a707d99,5/13/2021 5:27:13 PM,CCBER-Admin,5/13/2021 5:27:13 PM,CCBER-Admin,-119.864951992922,34.416510408617
97,Del Sol,E minor Start,34.416112062,-119.865178533,7/3/2019 12:00:00 AM,10:47:46am,2,2.1,660180b7-823c-4cb2-b9b0-1586870c0739,5/13/2021 5:27:13 PM,CCBER-Admin,5/13/2021 5:27:13 PM,CCBER-Admin,-119.865166059407,34.4161072078991
98,Del Sol,E minor End,34.415664726,-119.865149446,7/3/2019 12:00:00 AM,10:49:25am,1.9,1.9,2d2b29a2-bdb4-4892-acfb-d611db36afb2,5/13/2021 5:27:13 PM,CCBER-Admin,5/13/2021 5:27:13 PM,CCBER-Admin,-119.865136972766,34.4156598727659
99,Camino Corto,6 Major Start,34.415787749,-119.867086613,7/5/2019 12:00:00 AM,02:19:43pm,2.3,2,e320b36d-736e-42b2-9b8a-5ea5b39dd186,5/13/2021 5:27:13 PM,CCBER-Admin,5/13/2021 5:27:13 PM,CCBER-Admin,-119.867074138948,34.4157828959103
100,Camino Corto,6 Major End,34.416061834,-119.866716763,7/5/2019 12:00:00 AM,02:22:01pm,2.9,2.1,389e1bab-c776-4343-a291-2f1cf028534d,5/13/2021 5:27:13 PM,CCBER-Admin,5/13/2021 5:27:13 PM,CCBER-Admin,-119.866704288675,34.4160569799318
101,Del Sol,V minor Start,34.415334439,-119.865969082,7/8/2019 12:00:00 AM,09:09:44am,3.5,3.6,3c796776-f817-4044-a455-c57c70c8bebc,5/13/2021 5:27:13 PM,CCBER-Admin,5/13/2021 5:27:13 PM,CCBER-Admin,-119.865956607807,34.4153295853335
102,Del Sol,V minor End,34.415173570,-119.865650596,7/8/2019 12:00:00 AM,09:11:56am,1.9,2.4,e16173fc-8528-4a7f-ba49-e49ea05ea058,5/13/2021 5:27:13 PM,CCBER-Admin,5/13/2021 5:27:13 PM,CCBER-Admin,-119.865638121673,34.4151687158318
103,More Mesa,Main minor Start,34.417530736,-119.787109419,7/4/2019 12:00:00 AM,10:45:53am,2.8,4.4,95c38317-32a7-4d2f-bdfd-bfff549d1359,5/13/2021 5:27:13 PM,CCBER-Admin,5/13/2021 5:27:13 PM,CCBER-Admin,-119.787096957763,34.417525876906
104,More Mesa,Main minor End,34.417650760,-119.786866232,7/4/2019 12:00:00 AM,10:49:13am,2,2.1,dfbc1ac2-b763-48d2-8b45-878668817faf,5/13/2021 5:27:13 PM,CCBER-Admin,5/13/2021 5:27:13 PM,CCBER-Admin,-119.786853770995,34.4176459014561
105,NCOS,3 MajorStart,34.418127094,-119.879932964,7/4/2019 12:00:00 AM,01:47:53pm,2.7,2.3,65e3e4d9-c582-4822-ae72-22d08b14f879,5/13/2021 5:27:13 PM,CCBER-Admin,5/13/2021 5:27:13 PM,CCBER-Admin,-119.879920487775,34.4181222408839
106,NCOS,3 Major End,34.418522619,-119.880279090,7/4/2019 12:00:00 AM,01:50:33pm,2.6,2.6,478ef25b-bdea-4514-83d6-da8cdd6c269b,5/13/2021 5:27:13 PM,CCBER-Admin,5/13/2021 5:27:13 PM,CCBER-Admin,-119.880266613732,34.4185177658666
107,NCOS,4 Major Start,34.418588804,-119.880341580,7/4/2019 12:00:00 AM,01:53:40pm,2.7,2.6,2ae3f981-24da-4bf6-88b0-d2a4bcb42cb7,5/13/2021 5:27:13 PM,CCBER-Admin,5/13/2021 5:27:13 PM,CCBER-Admin,-119.880329102895,34.4185839507432
108,NCOS,4 minor End,34.418774588,-119.880359110,7/4/2019 12:00:00 AM,01:54:13pm,2.7,3,1ecf34d1-e6b2-48fa-9062-b52f8b0699df,5/13/2021 5:27:13 PM,CCBER-Admin,5/13/2021 5:27:13 PM,CCBER-Admin,-119.880346634469,34.4187697348051
109,NCOS,4 minor Start,34.418630644,-119.880556088,7/4/2019 12:00:00 AM,01:54:44pm,2.7,2.6,b500d74d-107e-4bb1-ba7d-55632d69e089,5/13/2021 5:27:13 PM,CCBER-Admin,5/13/2021 5:27:13 PM,CCBER-Admin,-119.88054361127,34.4186257900451
110,NCOS,4 Major End,34.418857129,-119.880608562,7/4/2019 12:00:00 AM,01:55:14pm,2.3,2.7,641e58cf-f422-4d94-b161-09ffd12e0edc,5/13/2021 5:27:13 PM,CCBER-Admin,5/13/2021 5:27:13 PM,CCBER-Admin,-119.880596085766,34.4188522752095
111,NCOS,5 Major Start,34.418958275,-119.880769457,7/4/2019 12:00:00 AM,01:55:42pm,2.6,2.6,1c715f74-9950-4248-9f46-bb477b7b62ef,5/13/2021 5:27:13 PM,CCBER-Admin,5/13/2021 5:27:13 PM,CCBER-Admin,-119.880756979788,34.4189534214171
112,NCOS,5 minor End,34.419142271,-119.880815766,7/4/2019 12:00:00 AM,01:56:16pm,3,3.1,858dd0e5-640f-4f8b-8116-cefff42eb76e,5/13/2021 5:27:13 PM,CCBER-Admin,5/13/2021 5:27:13 PM,CCBER-Admin,-119.88080328926,34.4191374183414
113,NCOS,5 minor Start,34.418930006,-119.880979818,7/4/2019 12:00:00 AM,01:57:05pm,2.4,2.7,62f02f08-0bd6-4ec4-a580-f8cd0d554e9a,5/13/2021 5:27:13 PM,CCBER-Admin,5/13/2021 5:27:13 PM,CCBER-Admin,-119.880967341513,34.4189251526458
114,NCOS,5 Major End,34.419114925,-119.881051356,7/4/2019 12:00:00 AM,01:57:38pm,2.5,2.8,77d07dda-c975-4709-bac8-608c3b5fa582,5/13/2021 5:27:13 PM,CCBER-Admin,5/13/2021 5:27:13 PM,CCBER-Admin,-119.881038879304,34.4191100719603
115,NCOS,6 Minor Start,34.419128834,-119.881090391,7/4/2019 12:00:00 AM,01:58:07pm,2.6,2.6,39074692-6d4c-4574-ba8a-b3d010a52788,5/13/2021 5:27:13 PM,CCBER-Admin,5/13/2021 5:27:13 PM,CCBER-Admin,-119.881077914151,34.4191239809092
116,NCOS,6 minor Start,34.419104733,-119.881295972,7/4/2019 12:00:00 AM,01:58:37pm,2.8,3.6,2a2b7168-19d5-4aa8-b20c-6e44e1df0f9e,5/13/2021 5:27:13 PM,CCBER-Admin,5/13/2021 5:27:13 PM,CCBER-Admin,-119.881283494771,34.4190998802921
117,NCOS,6 minor End,34.419299591,-119.881160920,7/4/2019 12:00:00 AM,01:59:09pm,2.6,2.6,9b7f4f8d-4734-4bb0-b424-8279a4a75592,5/13/2021 5:27:13 PM,CCBER-Admin,5/13/2021 5:27:13 PM,CCBER-Admin,-119.881148443747,34.4192947377431
118,NCOS,6 Major End,34.419286224,-119.881352185,7/4/2019 12:00:00 AM,02:00:11pm,2.8,3.1,c2765d18-9c73-407c-9b73-f4c2859a9697,5/13/2021 5:27:13 PM,CCBER-Admin,5/13/2021 5:27:13 PM,CCBER-Admin,-119.881339708983,34.4192813708967
119,NCOS,7 Major Start,34.419372470,-119.881446640,7/4/2019 12:00:00 AM,02:00:35pm,2.6,2.6,09e2609c-29d8-4852-96f0-fc0ca012ad5e,5/13/2021 5:27:13 PM,CCBER-Admin,5/13/2021 5:27:13 PM,CCBER-Admin,-119.881434162995,34.4193676168296
120,NCOS,7 minor Start,34.419413841,-119.881666762,7/4/2019 12:00:00 AM,02:01:05pm,2.7,2.6,8eeec06a-f257-4fc5-89b3-9b605ebedd44,5/13/2021 5:27:13 PM,CCBER-Admin,5/13/2021 5:27:13 PM,CCBER-Admin,-119.881654285417,34.4194089875047
121,NCOS,7 minor End,34.419560024,-119.881477941,7/4/2019 12:00:00 AM,02:01:47pm,2.5,2.6,4e5c2222-d598-4d64-a741-df814c0e6fc1,5/13/2021 5:27:13 PM,CCBER-Admin,5/13/2021 5:27:13 PM,CCBER-Admin,-119.881465464197,34.4195551708518
122,NCOS,7 Major End,34.419624135,-119.881698304,7/4/2019 12:00:00 AM,02:02:21pm,2.7,2.6,da076cf9-ad13-4447-b937-4acbcb81d947,5/13/2021 5:27:13 PM,CCBER-Admin,5/13/2021 5:27:13 PM,CCBER-Admin,-119.881685826693,34.419619281797
123,NCOS,8 Major Start,34.419801485,-119.881766412,7/4/2019 12:00:00 AM,02:02:52pm,2.7,2.6,f8a7e877-d061-4dfe-a72f-5e33374f14bb,5/13/2021 5:27:13 PM,CCBER-Admin,5/13/2021 5:27:13 PM,CCBER-Admin,-119.881753934717,34.4197966311037
124,NCOS,8 minor End,34.420036412,-119.881805228,7/4/2019 12:00:00 AM,02:03:36pm,1.9,2.5,8420ef85-1c3a-4b25-9ce2-c086ab43f1f2,5/13/2021 5:27:13 PM,CCBER-Admin,5/13/2021 5:27:13 PM,CCBER-Admin,-119.881792750703,34.420031559178
125,NCOS,8 Major End,34.420057373,-119.881956614,7/4/2019 12:00:00 AM,02:04:02pm,2.2,4,3e35a9be-3c33-4c99-b260-d5c290f9be46,5/13/2021 5:27:13 PM,CCBER-Admin,5/13/2021 5:27:13 PM,CCBER-Admin,-119.881944137478,34.4200525204628
126,NCOS,8 minor Start,34.419989431,-119.881989798,7/4/2019 12:00:00 AM,02:04:38pm,2.8,4.1,e5cc7bd1-01b1-4275-9674-f7f36df0ff6d,5/13/2021 5:27:13 PM,CCBER-Admin,5/13/2021 5:27:13 PM,CCBER-Admin,-119.881977321488,34.4199845776991
127,NCOS,3 minor Start,34.418221215,-119.880236495,7/4/2019 12:00:00 AM,02:08:16pm,2.3,3.2,76e3f0af-c92f-400d-a200-1efef720aa4c,5/13/2021 5:27:13 PM,CCBER-Admin,5/13/2021 5:27:13 PM,CCBER-Admin,-119.880224018322,34.4182163626028
128,NCOS,3 minor End,34.418383760,-119.879956555,7/4/2019 12:00:00 AM,02:09:22pm,3,3.8,6f3e2740-bf9e-4ae2-a38a-bf4fe2005cd8,5/13/2021 5:27:13 PM,CCBER-Admin,5/13/2021 5:27:13 PM,CCBER-Admin,-119.879944079211,34.4183789069961
129,Ellwood Mesa,2 minor Start,34.418437205,-119.886814190,7/4/2019 12:00:00 AM,02:36:35pm,18.7,2.6,10409e78-13e7-42ce-971a-e571abc2ad56,5/13/2021 5:27:13 PM,CCBER-Admin,5/13/2021 5:27:13 PM,CCBER-Admin,-119.88680171215,34.4184323528199
130,Ellwood Mesa,2 minor End,34.418428164,-119.887048233,7/4/2019 12:00:00 AM,02:37:45pm,2.3,2.4,faef32ad-a811-464c-a15b-b2df930f5290,5/13/2021 5:27:13 PM,CCBER-Admin,5/13/2021 5:27:13 PM,CCBER-Admin,-119.88703575581,34.4184233112427
131,Ellwood Mesa,3 minor Start,34.418826690,-119.887406255,7/4/2019 12:00:00 AM,03:16:05pm,12.2,9.7,7ad84d33-ab57-4d44-b77c-ee7eed1fa5eb,5/13/2021 5:27:13 PM,CCBER-Admin,5/13/2021 5:27:13 PM,CCBER-Admin,-119.887393776534,34.4188218377336
132,Ellwood Mesa,3 minor End,34.418822241,-119.887546913,7/4/2019 12:00:00 AM,03:17:04pm,2.9,2.6,e5ab1d42-925d-4565-bf0e-e06290a02392,5/13/2021 5:27:13 PM,CCBER-Admin,5/13/2021 5:27:13 PM,CCBER-Admin,-119.887534435249,34.4188173881362
133,Ellwood Mesa,Reference minor Start,34.419865296,-119.888759133,7/4/2019 12:00:00 AM,04:08:42pm,3.7,4.6,d8556adf-1e17-4d9d-af8c-81ab717d5441,5/13/2021 5:27:13 PM,CCBER-Admin,5/13/2021 5:27:13 PM,CCBER-Admin,-119.888746655255,34.4198604431036
134,Ellwood Mesa,Reference minor End,34.419763007,-119.888866595,7/4/2019 12:00:00 AM,04:10:47pm,2,2.3,a055adb0-b23a-4e50-8eda-cae94e5d2995,5/13/2021 5:27:13 PM,CCBER-Admin,5/13/2021 5:27:13 PM,CCBER-Admin,-119.888854117339,34.4197581542058
135,Ellwood Mesa,5 minor Start,34.419933039,-119.888644022,7/4/2019 12:00:00 AM,05:13:02pm,2.9,3.6,10d18b4b-81f1-4d78-b1a5-3e744d7597a0,5/13/2021 5:27:13 PM,CCBER-Admin,5/13/2021 5:27:13 PM,CCBER-Admin,-119.888631543822,34.4199281857853
136,Ellwood Mesa,5 minor End,34.420098444,-119.888760589,7/4/2019 12:00:00 AM,05:14:07pm,2.2,2.3,63bfab89-e8ba-446e-ac04-fbe3148e554d,5/13/2021 5:27:13 PM,CCBER-Admin,5/13/2021 5:27:13 PM,CCBER-Admin,-119.888748110196,34.4200935904816
137,West Campus Bluffs/COPR,10 Major Start,34.410112312,-119.877709453,7/8/2019 12:00:00 AM,02:12:21pm,2.1,2.1,d8401b5d-0b8f-46f7-92d3-346c16c96c67,5/13/2021 5:27:13 PM,CCBER-Admin,5/13/2021 5:27:13 PM,CCBER-Admin,-119.877696977429,34.4101074598888
138,West Campus Bluffs/COPR,10 Major End,34.410281537,-119.877682732,7/8/2019 12:00:00 AM,02:13:35pm,1.9,2,f3917421-4b60-4747-83ab-ca031ffeda06,5/13/2021 5:27:13 PM,CCBER-Admin,5/13/2021 5:27:13 PM,CCBER-Admin,-119.87767025572,34.4102766848508
139,West Campus Bluffs/COPR,10 minor Start,34.410192305,-119.877627005,7/8/2019 12:00:00 AM,03:57:46pm,1.5,1.9,b83a207b-97d8-491b-899c-17756ac7c9fa,5/13/2021 5:27:13 PM,CCBER-Admin,5/13/2021 5:27:13 PM,CCBER-Admin,-119.877614530503,34.4101874533636
140,West Campus Bluffs/COPR,10 minor End,34.410179518,-119.877755601,7/8/2019 12:00:00 AM,03:58:33pm,2,2,706313fd-e5c4-4710-8099-f67295dc22a9,5/13/2021 5:27:13 PM,CCBER-Admin,5/13/2021 5:27:13 PM,CCBER-Admin,-119.877743126211,34.410174665448
141,West Campus Bluffs/COPR,9 Major Start,34.409643124,-119.877431360,7/8/2019 12:00:00 AM,04:57:39pm,1.7,1.9,46d0660d-2eab-4261-b68b-496551779695,5/13/2021 5:27:13 PM,CCBER-Admin,5/13/2021 5:27:13 PM,CCBER-Admin,-119.877418884827,34.4096382713545
142,West Campus Bluffs/COPR,9 minor Start,34.409755100,-119.877426903,7/8/2019 12:00:00 AM,05:02:11pm,2.2,1.8,2d796e9f-e97b-403a-a24c-156d3efd9363,5/13/2021 5:27:13 PM,CCBER-Admin,5/13/2021 5:27:13 PM,CCBER-Admin,-119.877414427322,34.409750248184
143,West Campus Bluffs/COPR,9 minor End,34.409707901,-119.877547822,7/8/2019 12:00:00 AM,05:03:14pm,2.2,1.9,fd3fc89b-3429-43c1-80f4-633814db2158,5/13/2021 5:27:13 PM,CCBER-Admin,5/13/2021 5:27:13 PM,CCBER-Admin,-119.877535347067,34.4097030484813
144,West Campus Bluffs/COPR,8 minor Start,34.409542831,-119.877449208,7/8/2019 12:00:00 AM,05:45:02pm,1.5,2.4,a030052f-8fff-44ac-b733-39980f9d8e1c,5/13/2021 5:27:13 PM,CCBER-Admin,5/13/2021 5:27:13 PM,CCBER-Admin,-119.877436733736,34.4095379785872
145,West Campus Bluffs/COPR,8 minor End,34.409466272,-119.877603495,7/8/2019 12:00:00 AM,05:45:50pm,1.6,2,e022da38-65df-444e-9ddf-d15a8dd21745,5/13/2021 5:27:13 PM,CCBER-Admin,5/13/2021 5:27:13 PM,CCBER-Admin,-119.877591019726,34.4094614201196
146,West Campus Bluffs,6 Major Start,34.409527540,-119.874408697,7/9/2019 12:00:00 AM,09:01:35am,9.2,3.9,6b79fc33-c751-4811-a7c0-cce10d9c5dee,5/13/2021 5:27:13 PM,CCBER-Admin,5/13/2021 5:27:13 PM,CCBER-Admin,-119.874396222905,34.4095226868748
147,West Campus Bluffs,6 Major End,34.409477187,-119.874696749,7/9/2019 12:00:00 AM,09:02:59am,1.9,2.1,2065aa15-51c4-4296-8982-aade7397e899,5/13/2021 5:27:13 PM,CCBER-Admin,5/13/2021 5:27:13 PM,CCBER-Admin,-119.874684273831,34.4094723349069
148,West Campus Bluffs,7 Major Start,34.410003505,-119.874574508,7/10/2019 12:00:00 AM,09:03:54am,2.7,2.3,aa29e52d-64bb-42b2-bd09-0aa3dce4cb0b,5/13/2021 5:27:13 PM,CCBER-Admin,5/13/2021 5:27:13 PM,CCBER-Admin,-119.874562032772,34.4099986519138
149,West Campus Bluffs,7 Major End,34.409900573,-119.874863616,7/10/2019 12:00:00 AM,09:05:08am,1.7,2,ef085bf2-45d6-4f11-9f36-fcf686b8a1b1,5/13/2021 5:27:13 PM,CCBER-Admin,5/13/2021 5:27:13 PM,CCBER-Admin,-119.874851140772,34.409895719677
150,West Campus Bluffs,7 minor Start,34.409910480,-119.874656986,7/10/2019 12:00:00 AM,10:17:12am,4.8,3.9,c345ad03-d90e-4423-812f-fff467ba7092,5/13/2021 5:27:13 PM,CCBER-Admin,5/13/2021 5:27:13 PM,CCBER-Admin,-119.874644511176,34.4099056280583
151,West Campus Bluffs,7 minor End,34.410049712,-119.874711145,7/10/2019 12:00:00 AM,10:18:44am,2.8,2.1,eec392ea-68f2-4668-b833-c516fce447b4,5/13/2021 5:27:13 PM,CCBER-Admin,5/13/2021 5:27:13 PM,CCBER-Admin,-119.874698669974,34.4100448590001
152,West Campus Bluffs,6 minor Start,34.409590879,-119.874555313,7/10/2019 12:00:00 AM,10:59:35am,4.6,4.5,b77b780d-546d-49b6-a3ab-a694c2af5936,5/13/2021 5:27:13 PM,CCBER-Admin,5/13/2021 5:27:13 PM,CCBER-Admin,-119.874542838171,34.4095860269417
153,West Campus Bluffs,6 minor End,34.409438429,-119.874522436,7/10/2019 12:00:00 AM,11:00:14am,2.5,2.3,7c83ff49-cd13-4203-b341-fcc1de4fc7c2,5/13/2021 5:27:13 PM,CCBER-Admin,5/13/2021 5:27:13 PM,CCBER-Admin,-119.874509960461,34.4094335765283
154,West Campus Bluffs/COPR,13 Major Start,34.409500658,-119.877915140,7/10/2019 12:00:00 AM,02:09:42pm,2.5,2.1,21edca7f-c80d-4086-b5e7-841aeab866a4,5/13/2021 5:27:13 PM,CCBER-Admin,5/13/2021 5:27:13 PM,CCBER-Admin,-119.877902664733,34.4094958058811
155,West Campus Bluffs/COPR,13 Major End,34.409617441,-119.877949533,7/10/2019 12:00:00 AM,02:10:37pm,2.5,4.1,4bdda603-0991-43f2-97f9-53816a394a57,5/13/2021 5:27:13 PM,CCBER-Admin,5/13/2021 5:27:13 PM,CCBER-Admin,-119.877937057529,34.4096125884936
156,West Campus Bluffs/COPR,13 minor Start,34.409530137,-119.877915534,7/10/2019 12:00:00 AM,02:59:46pm,3.7,334.6,068a9607-b8ef-4a40-8226-cab878f00129,5/13/2021 5:27:13 PM,CCBER-Admin,5/13/2021 5:27:13 PM,CCBER-Admin,-119.877903058414,34.4095252848063
157,West Campus Bluffs/COPR,13 minor End,34.409583898,-119.878000518,7/10/2019 12:00:00 AM,03:00:46pm,2.8,3.2,283e3fe8-f815-4c2d-ae8a-68a5b9920bea,5/13/2021 5:27:13 PM,CCBER-Admin,5/13/2021 5:27:13 PM,CCBER-Admin,-119.877988042309,34.4095790453018
158,West Campus Bluffs/COPR,11 Major Start,34.410110922,-119.878048083,7/10/2019 12:00:00 AM,04:08:09pm,2.2,3,163bbced-8735-4a4f-afa7-b4b43fdf16f0,5/13/2021 5:27:13 PM,CCBER-Admin,5/13/2021 5:27:13 PM,CCBER-Admin,-119.87803560754,34.4101060689203
159,West Campus Bluffs/COPR,11 Major End,34.409982850,-119.878156391,7/10/2019 12:00:00 AM,04:09:19pm,2.7,2.1,68be44a5-6460-429b-82fc-4c6ce956b6fa,5/13/2021 5:27:13 PM,CCBER-Admin,5/13/2021 5:27:13 PM,CCBER-Admin,-119.87814391496,34.4099779981623
160,West Campus Bluffs/COPR,11 minor Start,34.410011802,-119.878057854,7/10/2019 12:00:00 AM,05:13:55pm,4.2,2.6,e3d0fbd1-2be7-4f56-958f-ab2741e77e3d,5/13/2021 5:27:13 PM,CCBER-Admin,5/13/2021 5:27:13 PM,CCBER-Admin,-119.878045379305,34.4100069498032
161,West Campus Bluffs/COPR,11 minor End,34.410060969,-119.878160426,7/10/2019 12:00:00 AM,05:14:40pm,2.7,2.5,d3c37550-1045-4471-8584-c55475054fae,5/13/2021 5:27:13 PM,CCBER-Admin,5/13/2021 5:27:13 PM,CCBER-Admin,-119.878147950108,34.4100561169613
162,West Campus Bluffs/COPR,8 Major Start,34.409432515,-119.877493938,7/10/2019 12:00:00 AM,05:57:44pm,2.4,2.5,d32737e5-a0c1-4f42-ab48-167a440dfc46,5/13/2021 5:27:13 PM,CCBER-Admin,5/13/2021 5:27:13 PM,CCBER-Admin,-119.877481462497,34.409427663127
163,West Campus Bluffs/COPR,8 Major End,34.409562566,-119.877539323,7/10/2019 12:00:00 AM,05:58:22pm,1.9,2.4,34c51c5f-5f05-4cd7-8302-46eb7f8dc0b0,5/13/2021 5:27:13 PM,CCBER-Admin,5/13/2021 5:27:13 PM,CCBER-Admin,-119.877526848094,34.4095577134262
164,Ellwood Mesa,1 Major Start,34.416361455,-119.884844232,7/9/2019 12:00:00 AM,02:12:47pm,2.9,3.4,7da2907b-5cea-4e0e-af13-1a8a34d383e7,5/13/2021 5:27:13 PM,CCBER-Admin,5/13/2021 5:27:13 PM,CCBER-Admin,-119.88483175481,34.4163566028115
165,Ellwood Mesa,1 Major End,34.416257011,-119.885284626,7/9/2019 12:00:00 AM,02:14:45pm,2,4.3,9b8cb98c-8135-4cb9-bd7e-52cc396131e4,5/13/2021 5:27:13 PM,CCBER-Admin,5/13/2021 5:27:13 PM,CCBER-Admin,-119.885272149647,34.4162521583673
166,Ellwood Mesa,4 Major Start,34.419561856,-119.887990054,7/9/2019 12:00:00 AM,05:13:05pm,17.4,2.1,6639878c-abf9-4696-849c-9e1b2b427285,5/13/2021 5:27:13 PM,CCBER-Admin,5/13/2021 5:27:13 PM,CCBER-Admin,-119.887977576825,34.4195570025555
167,Ellwood Mesa,4 Major End,34.419563804,-119.887882111,7/9/2019 12:00:00 AM,05:48:30pm,1.7,2.5,0be4f37d-d4fe-45ad-bd69-3005dc01d89a,5/13/2021 5:27:13 PM,CCBER-Admin,5/13/2021 5:27:13 PM,CCBER-Admin,-119.887869632697,34.4195589506878
168,Ellwood Mesa,4 major Start,34.419531068,-119.887930693,7/9/2019 12:00:00 AM,05:50:00pm,2.1,2.4,dfe4cbf6-b8a4-41cc-9b90-96b84b0c867e,5/13/2021 5:27:13 PM,CCBER-Admin,5/13/2021 5:27:13 PM,CCBER-Admin,-119.887918215937,34.419526215304
169,Ellwood Mesa,4 minor End,34.419622250,-119.887946375,7/9/2019 12:00:00 AM,05:51:14pm,1.6,2.1,42c8c7ed-ad2b-45cc-8c95-cb086892e8f3,5/13/2021 5:27:13 PM,CCBER-Admin,5/13/2021 5:27:13 PM,CCBER-Admin,-119.887933897742,34.4196173974134
170,Storke Ranch,2007 minor Start,34.421275654,-119.865919806,7/18/2019 12:00:00 AM,02:51:42pm,2.9,2.5,f80f6739-497e-4384-9201-757f7da14ece,5/13/2021 5:27:13 PM,CCBER-Admin,5/13/2021 5:27:13 PM,CCBER-Admin,-119.865907331457,34.4212707997459
171,Storke Ranch,2007 minor End,34.421384761,-119.865963231,7/18/2019 12:00:00 AM,02:53:05pm,2.3,2.1,1ff59a0f-1cd3-4c9c-8924-4453708fbc63,5/13/2021 5:27:13 PM,CCBER-Admin,5/13/2021 5:27:13 PM,CCBER-Admin,-119.865950756335,34.4213799066826
172,Storke Ranch,2007 Major Start,34.421335386,-119.866045000,7/18/2019 12:00:00 AM,02:54:40pm,2.1,2.2,9acc7ce9-b7b7-405d-824f-15b9a9ca7092,5/13/2021 5:27:13 PM,CCBER-Admin,5/13/2021 5:27:13 PM,CCBER-Admin,-119.866032526244,34.4213305322659
173,Storke Ranch,2007 Major End,34.421323552,-119.865875887,7/18/2019 12:00:00 AM,02:55:47pm,1.9,2.1,1b4bde09-adac-4cc6-acc4-c13c603789b4,5/13/2021 5:27:13 PM,CCBER-Admin,5/13/2021 5:27:13 PM,CCBER-Admin,-119.865863413367,34.421318698191
174,Storke Ranch,North Major Start,34.421266676,-119.865884685,7/18/2019 12:00:00 AM,02:59:02pm,1.8,2.4,b8af9745-d68c-44d5-8df6-e1be57e64488,5/13/2021 5:27:13 PM,CCBER-Admin,5/13/2021 5:27:13 PM,CCBER-Admin,-119.865872211568,34.4212618219195
175,Storke Ranch,North Major End,34.421260859,-119.865550699,7/18/2019 12:00:00 AM,03:00:27pm,2,2,936803b7-1b14-466f-84a9-ec2f91057c59,5/13/2021 5:27:13 PM,CCBER-Admin,5/13/2021 5:27:13 PM,CCBER-Admin,-119.865538224786,34.4212560042694
176,Storke Ranch,North minor Start,34.421173545,-119.865743331,7/18/2019 12:00:00 AM,03:01:53pm,1.9,2,de83d6a9-6c8f-4ec6-8b2a-44e1a34f551a,5/13/2021 5:27:13 PM,CCBER-Admin,5/13/2021 5:27:13 PM,CCBER-Admin,-119.865730856153,34.4211686907543
177,Storke Ranch,North minor end,34.421345448,-119.865694698,7/18/2019 12:00:00 AM,03:02:44pm,1.9,2,32d16695-4142-4a44-879d-a37a40e70ef9,5/13/2021 5:27:13 PM,CCBER-Admin,5/13/2021 5:27:13 PM,CCBER-Admin,-119.865682224321,34.4213405930432
178,Storke Ranch,South Major Start,34.420976713,-119.865921941,7/18/2019 12:00:00 AM,03:05:28pm,1.6,1.9,4ce89778-be0d-41c5-ba1c-8e33a1dfd05c,5/13/2021 5:27:13 PM,CCBER-Admin,5/13/2021 5:27:13 PM,CCBER-Admin,-119.865909467268,34.4209718590757
179,Storke Ranch,South Major End,34.420974630,-119.865612842,7/18/2019 12:00:00 AM,03:10:22pm,1.6,2,95105cea-249a-45c6-a9aa-673dab8a929d,5/13/2021 5:27:13 PM,CCBER-Admin,5/13/2021 5:27:13 PM,CCBER-Admin,-119.865600366964,34.4209697758073
180,Storke Ranch,2017 Major Start,34.420974447,-119.866375489,7/18/2019 12:00:00 AM,03:25:05pm,1.6,2.5,4b4a612e-f549-468a-a2c0-1b161e9fe9dd,5/13/2021 5:27:13 PM,CCBER-Admin,5/13/2021 5:27:13 PM,CCBER-Admin,-119.866363014953,34.420969593539
181,Storke Ranch,2017 Major Enc,34.420960514,-119.866201870,7/18/2019 12:00:00 AM,03:26:02pm,2,2.3,4e49817d-db1b-46da-8804-2836e3f7f135,5/13/2021 5:27:13 PM,CCBER-Admin,5/13/2021 5:27:13 PM,CCBER-Admin,-119.86618939567,34.420955659834
182,Storke Ranch,East Major Start,34.421083535,-119.866664324,7/18/2019 12:00:00 AM,03:27:51pm,1.7,2,70aa4243-ec7c-4eb8-b8ea-426f643929b2,5/13/2021 5:27:13 PM,CCBER-Admin,5/13/2021 5:27:13 PM,CCBER-Admin,-119.86665184881,34.421078680789
183,Storke Ranch,East Major End,34.421087428,-119.866305741,7/18/2019 12:00:00 AM,03:29:03pm,1.6,1.9,baf2aebd-d541-4c26-8825-8f3670e96367,5/13/2021 5:27:13 PM,CCBER-Admin,5/13/2021 5:27:13 PM,CCBER-Admin,-119.866293266591,34.4210825743584
184,Storke Ranch,East minor Start,34.421067053,-119.866448064,7/18/2019 12:00:00 AM,03:29:48pm,1.4,1.8,a48cb207-c319-4643-9bc7-ca21158e2a59,5/13/2021 5:27:13 PM,CCBER-Admin,5/13/2021 5:27:13 PM,CCBER-Admin,-119.866435590094,34.4210621982143
185,Storke Ranch,East minor End,34.421210683,-119.866438263,7/18/2019 12:00:00 AM,03:30:54pm,1.6,1.9,61929e3e-1c27-42e2-8dc9-f87b571d2ea6,5/13/2021 5:27:13 PM,CCBER-Admin,5/13/2021 5:27:13 PM,CCBER-Admin,-119.866425788803,34.4212058288864
186,Storke Ranch,2017 minor Start,34.421035295,-119.866258947,7/18/2019 12:00:00 AM,04:21:20pm,1.8,1.8,f3c044dd-ca7e-42fa-8719-eb5f48ca0a4b,5/13/2021 5:27:13 PM,CCBER-Admin,5/13/2021 5:27:13 PM,CCBER-Admin,-119.866246471931,34.4210304406478
187,Storke Ranch,2017 minor End,34.420925679,-119.866295480,7/18/2019 12:00:00 AM,04:22:17pm,2.2,1.9,591c5b5c-d5a4-4404-9190-5234c74fad53,5/13/2021 5:27:13 PM,CCBER-Admin,5/13/2021 5:27:13 PM,CCBER-Admin,-119.86628300595,34.4209208247779
188,Manzanita Village,Santa Catalina Major Start S,34.407845319,-119.850738057,8/6/2019 12:00:00 AM,09:55:12am,1.7,0.6,1540c435-a881-4198-82ab-a4b6ec5d23c2,5/13/2021 5:27:13 PM,CCBER-Admin,5/13/2021 5:27:13 PM,CCBER-Admin,-119.85072558558,34.4078404653024
189,Manzanita Village,Santa Catalina minor Start E,34.408025087,-119.850693170,8/6/2019 12:00:00 AM,09:57:29am,3.3,0.6,effc38ca-5bba-4bd4-b7f2-6a95baa601b5,5/13/2021 5:27:13 PM,CCBER-Admin,5/13/2021 5:27:13 PM,CCBER-Admin,-119.850680698791,34.4080202326621
190,Manzanita Village,Santa Catalina minor End W,34.408012455,-119.850841272,8/6/2019 12:00:00 AM,09:58:23am,4,0.6,bb0abb08-deed-4cf7-a782-8658e5e6d711,5/13/2021 5:27:13 PM,CCBER-Admin,5/13/2021 5:27:13 PM,CCBER-Admin,-119.85082880103,34.4080076011835
191,Manzanita Village,Santa Catalina Major End N,34.408154887,-119.850797044,8/6/2019 12:00:00 AM,09:59:02am,1.7,0.6,bf62a58b-cab6-4359-b530-f6d1730866e1,5/13/2021 5:27:13 PM,CCBER-Admin,5/13/2021 5:27:13 PM,CCBER-Admin,-119.850784573119,34.4081500335571
192,Manzanita Village,Santa Cruz Major End NW,34.408334255,-119.852155252,8/6/2019 12:00:00 AM,10:02:46am,2.1,0.6,4821ba6c-08b1-4a7b-816d-c52c71664cf9,5/13/2021 5:27:13 PM,CCBER-Admin,5/13/2021 5:27:13 PM,CCBER-Admin,-119.85214278033,34.4083294013036
193,Manzanita Village,Santa Cruz minor Start S,34.408116908,-119.852134560,8/6/2019 12:00:00 AM,10:03:53am,1.6,0.6,57e09872-564e-40ae-b245-44216dd19967,5/13/2021 5:27:13 PM,CCBER-Admin,5/13/2021 5:27:13 PM,CCBER-Admin,-119.852122089319,34.4081120548681
194,Manzanita Village,Santa Cruz Major Start SE,34.408117415,-119.851999120,8/6/2019 12:00:00 AM,10:05:03am,2.2,0.6,d0761e97-f6f5-4621-b9c9-9d73cc2349be,5/13/2021 5:27:13 PM,CCBER-Admin,5/13/2021 5:27:13 PM,CCBER-Admin,-119.851986649443,34.4081125608286
195,Manzanita Village,Santa Cruz minor End N,34.408299435,-119.852042580,8/6/2019 12:00:00 AM,10:08:22am,1.8,0.6,ebe7576e-8f0b-4a2c-9e3e-b3ce4ee97277,5/13/2021 5:27:13 PM,CCBER-Admin,5/13/2021 5:27:13 PM,CCBER-Admin,-119.852030109068,34.4082945816373
196,Manzanita Village,Santa Rosa minor End N,34.408400685,-119.852305333,8/6/2019 12:00:00 AM,10:09:22am,2.9,0.6,c744707a-fcf6-4392-8075-8af3282e3ed1,5/13/2021 5:27:13 PM,CCBER-Admin,5/13/2021 5:27:13 PM,CCBER-Admin,-119.852292861814,34.4083958312399
197,Manzanita Village,Santa Rosa Major End NW,34.408360547,-119.852475999,8/6/2019 12:00:00 AM,10:09:59am,2,0.6,10abe862-db81-468a-b548-454eac0cbd2e,5/13/2021 5:27:13 PM,CCBER-Admin,5/13/2021 5:27:13 PM,CCBER-Admin,-119.852463527513,34.408355692757
198,Manzanita Village,Santa Rosa minor Start S,34.408159611,-119.852364394,8/6/2019 12:00:00 AM,10:11:08am,1.9,0.6,a455ec24-f419-442a-8b24-472df8e72253,5/13/2021 5:27:13 PM,CCBER-Admin,5/13/2021 5:27:13 PM,CCBER-Admin,-119.852351922857,34.4081547571047
199,Manzanita Village,Santa Rosa Major Start SE,34.408175045,-119.852209854,8/6/2019 12:00:00 AM,10:11:53am,2.5,0.6,faebec75-e1f3-4333-b012-ffcd4b214e0f,5/13/2021 5:27:13 PM,CCBER-Admin,5/13/2021 5:27:13 PM,CCBER-Admin,-119.852197382622,34.4081701920097
200,Manzanita Village,San Miguel Major Start SE,34.408251597,-119.852498734,8/6/2019 12:00:00 AM,10:15:20am,2.7,0.6,1a38538f-0f26-4183-b869-b490d0f0d2f0,5/13/2021 5:27:13 PM,CCBER-Admin,5/13/2021 5:27:13 PM,CCBER-Admin,-119.852486262596,34.4082467436868
201,Manzanita Village,San Miguel minor Start S,34.408237123,-119.852686976,8/6/2019 12:00:00 AM,10:15:55am,2.6,0.6,519ff0fe-5e29-4110-b5b5-99dfe22d980c,5/13/2021 5:27:13 PM,CCBER-Admin,5/13/2021 5:27:13 PM,CCBER-Admin,-119.852674504884,34.4082322686637
202,Manzanita Village,San Miguel minor End N,34.408457445,-119.852642801,8/6/2019 12:00:00 AM,10:16:28am,2.2,0.6,c4741dfd-608b-42bd-bb87-a308521fb4f6,5/13/2021 5:27:13 PM,CCBER-Admin,5/13/2021 5:27:13 PM,CCBER-Admin,-119.852630329305,34.4084525915489
203,Manzanita Village,San Miguel Major End NW,34.408462138,-119.852715228,8/6/2019 12:00:00 AM,10:16:55am,2.6,0.6,00ef803e-5639-428c-a967-64b568c9f12b,5/13/2021 5:27:13 PM,CCBER-Admin,5/13/2021 5:27:13 PM,CCBER-Admin,-119.852702757052,34.4084572845969
204,Manzanita Village,Santa Barbara minor Start S,34.407881587,-119.851108273,8/6/2019 12:00:00 AM,10:24:30am,2.2,0.6,b5273410-be1a-4c07-aec1-342b514ab0f6,5/13/2021 5:27:13 PM,CCBER-Admin,5/13/2021 5:27:13 PM,CCBER-Admin,-119.851095802579,34.4078767325832
205,Manzanita Village,Santa Barbara Major Start SE,34.407896088,-119.851067032,8/6/2019 12:00:00 AM,10:25:11am,2.6,0.6,55e9240c-0b62-4a7b-a166-d45c7ecfcadb,5/13/2021 5:27:13 PM,CCBER-Admin,5/13/2021 5:27:13 PM,CCBER-Admin,-119.851054561413,34.4078912344468
206,Manzanita Village,Santa Barbara minor End N,34.408106350,-119.851149894,8/6/2019 12:00:00 AM,10:25:58am,2,0.6,ee902dde-716c-4adb-bdfa-a1faecf7f8da,5/13/2021 5:27:13 PM,CCBER-Admin,5/13/2021 5:27:13 PM,CCBER-Admin,-119.851137422749,34.408101496064
207,Manzanita Village,Santa Barbara Major End NW,34.408076078,-119.851234685,8/6/2019 12:00:00 AM,10:26:49am,2.4,0.6,c14be8e7-dfc4-407c-9e7d-26f818ec200b,5/13/2021 5:27:13 PM,CCBER-Admin,5/13/2021 5:27:13 PM,CCBER-Admin,-119.851222213877,34.4080712235272
208,West Campus Bluffs,1 minor End,34.410785229,-119.870560068,8/6/2019 12:00:00 AM,10:47:07am,2,0.6,e9e64eba-0804-433a-9042-e090dc5fcdfe,5/13/2021 5:27:13 PM,CCBER-Admin,5/13/2021 5:27:13 PM,CCBER-Admin,-119.870547594058,34.4107803754767
209,West Campus Bluffs,1 minor End,34.410493264,-119.870546580,8/6/2019 12:00:00 AM,10:48:12am,3.2,0.6,5a24c20e-be23-4ce4-8c43-5f989870e5b0,5/13/2021 5:27:13 PM,CCBER-Admin,5/13/2021 5:27:13 PM,CCBER-Admin,-119.870534105313,34.4104884108372
210,West Campus Bluffs,2 minor End,34.410413559,-119.871101050,8/6/2019 12:00:00 AM,10:52:36am,2.2,0.6,85c6fd27-11f7-4b1c-bc9f-1cdf67d966ed,5/13/2021 5:27:13 PM,CCBER-Admin,5/13/2021 5:27:13 PM,CCBER-Admin,-119.871088575952,34.4104087061036
211,West Campus Bluffs,2 Major Start,34.410328813,-119.870929502,8/6/2019 12:00:00 AM,10:53:55am,2.1,0.6,e0b2fa92-4144-4399-ac17-778098aa36f5,5/13/2021 5:27:13 PM,CCBER-Admin,5/13/2021 5:27:13 PM,CCBER-Admin,-119.870917027534,34.4103239610323
212,West Campus Bluffs,2 minor Start,34.410526813,-119.870817747,8/6/2019 12:00:00 AM,10:54:34am,5.1,0.6,8a8eb80f-e1b7-4f2e-bb5e-7c9b624a3676,5/13/2021 5:27:13 PM,CCBER-Admin,5/13/2021 5:27:13 PM,CCBER-Admin,-119.870805273612,34.4105219604356
213,West Campus Bluffs,2 Major End,34.410559194,-119.871038770,8/6/2019 12:00:00 AM,10:55:23am,1.6,0.6,8b6f84f6-58c4-4862-b959-d37e21706dbf,5/13/2021 5:27:13 PM,CCBER-Admin,5/13/2021 5:27:13 PM,CCBER-Admin,-119.871026296473,34.4105543409137
214,West Campus Bluffs,3 Major Start,34.410996045,-119.871039727,8/6/2019 12:00:00 AM,10:58:31am,4.8,0.6,884fcafd-d362-4d26-b3f6-d2a591a3a379,5/13/2021 5:27:13 PM,CCBER-Admin,5/13/2021 5:27:13 PM,CCBER-Admin,-119.871027251986,34.410991191713
215,West Campus Bluffs,3 Major End,34.411011093,-119.871378761,8/6/2019 12:00:00 AM,10:59:18am,1.5,0.6,270a30ed-04b0-4e86-924e-3cf1dc9ee9d1,5/13/2021 5:27:13 PM,CCBER-Admin,5/13/2021 5:27:13 PM,CCBER-Admin,-119.871366287345,34.4110062400035
216,West Campus Bluffs,3 minor End,34.411092840,-119.871166537,8/6/2019 12:00:00 AM,11:00:07am,2.1,0.6,034e9262-0cee-406e-8c50-1f4f26ddb7cb,5/13/2021 5:27:13 PM,CCBER-Admin,5/13/2021 5:27:13 PM,CCBER-Admin,-119.87115406297,34.411087987237
217,West Campus Bluffs,3 minor Start,34.410874714,-119.871210582,8/6/2019 12:00:00 AM,11:00:39am,1.6,0.6,de5b56ea-eaae-4266-975c-255f0fe7242b,5/13/2021 5:27:13 PM,CCBER-Admin,5/13/2021 5:27:13 PM,CCBER-Admin,-119.871198107718,34.4108698608338
218,West Campus Bluffs,4 Major End,34.409982527,-119.872243699,8/6/2019 12:00:00 AM,11:03:09am,1.8,0.6,0a946f72-4b2e-4f17-b660-78fb43bd6160,5/13/2021 5:27:13 PM,CCBER-Admin,5/13/2021 5:27:13 PM,CCBER-Admin,-119.872231224535,34.4099776743866
219,West Campus Bluffs,4 minor Start,34.409794844,-119.872350488,8/6/2019 12:00:00 AM,11:04:02am,4.1,0.6,b7af0907-625c-498c-8be4-332258025014,5/13/2021 5:27:13 PM,CCBER-Admin,5/13/2021 5:27:13 PM,CCBER-Admin,-119.872338013547,34.409789991558
220,West Campus Bluffs,4 Major Start,34.409832007,-119.872563752,8/6/2019 12:00:00 AM,11:04:34am,3,0.7,19803d0f-da4a-49bb-9f25-a3449b97abfa,5/13/2021 5:27:13 PM,CCBER-Admin,5/13/2021 5:27:13 PM,CCBER-Admin,-119.872551277949,34.4098271543287
221,West Campus Bluffs,4 minor End,34.409966959,-119.872494547,8/6/2019 12:00:00 AM,11:07:20am,2,0.6,25dacb17-9e01-46ea-86ac-b1cc7d22e9f4,5/13/2021 5:27:13 PM,CCBER-Admin,5/13/2021 5:27:13 PM,CCBER-Admin,-119.872482072652,34.4099621055573
222,West Campus Bluffs,5 Major Start,34.410298990,-119.872901680,8/6/2019 12:00:00 AM,11:08:47am,2.1,0.6,ccfcc161-7424-4456-85f3-367d83b06d72,5/13/2021 5:27:13 PM,CCBER-Admin,5/13/2021 5:27:13 PM,CCBER-Admin,-119.87288920467,34.4102941374067
223,West Campus Bluffs,5 minor End,34.410333853,-119.872735185,8/6/2019 12:00:00 AM,11:09:36am,3.7,0.6,b127c01f-f8c7-46aa-92e7-9e5e37422118,5/13/2021 5:27:13 PM,CCBER-Admin,5/13/2021 5:27:13 PM,CCBER-Admin,-119.872722711001,34.4103290006172
224,West Campus Bluffs,5 minor Start,34.410195748,-119.872893827,8/6/2019 12:00:00 AM,11:11:15am,2.8,0.6,183d9f63-e916-4bf9-83c0-1fdb540b8b62,5/13/2021 5:27:13 PM,CCBER-Admin,5/13/2021 5:27:13 PM,CCBER-Admin,-119.87288135228,34.4101908952971
225,West Campus Bluffs,5 Major End,34.410200761,-119.872741633,8/6/2019 12:00:00 AM,11:13:49am,1.8,0.6,3ff4903c-58e8-4632-934d-e8d13faeae1e,5/13/2021 5:27:13 PM,CCBER-Admin,5/13/2021 5:27:13 PM,CCBER-Admin,-119.872729158843,34.410195907498
226,NCOS,1 Major End,34.419384861,-119.879522500,8/6/2019 12:00:00 AM,11:27:31am,2.5,0.6,8594d5fa-4fbf-4e7d-a9da-be67455ad067,5/13/2021 5:27:13 PM,CCBER-Admin,5/13/2021 5:27:13 PM,CCBER-Admin,-119.879510023719,34.419380008069
227,NCOS,2 Major Start,34.419418457,-119.879707738,8/6/2019 12:00:00 AM,11:28:15am,5,0.6,354a16bd-c9cc-4922-9e39-f98e2356afa2,5/13/2021 5:27:13 PM,CCBER-Admin,5/13/2021 5:27:13 PM,CCBER-Admin,-119.879695261596,34.4194136039755
228,NCOS,2 minor End,34.419550038,-119.879827491,8/6/2019 12:00:00 AM,11:28:45am,3.2,0.6,cf8873c5-136a-46a3-b4e0-010d0be6cde0,5/13/2021 5:27:13 PM,CCBER-Admin,5/13/2021 5:27:13 PM,CCBER-Admin,-119.879815015157,34.4195451842436
229,NCOS,2 Major End,34.419483518,-119.880088048,8/6/2019 12:00:00 AM,11:29:21am,4.3,0.6,4e6db8c3-0d8e-46aa-9628-9a434061f8ee,5/13/2021 5:27:13 PM,CCBER-Admin,5/13/2021 5:27:13 PM,CCBER-Admin,-119.880075571505,34.4194786651084
230,NCOS,2 minor Start,34.419345229,-119.879890555,8/6/2019 12:00:00 AM,11:30:02am,2.5,0.6,eaeaaaad-7a88-458b-806a-ae40f795caa5,5/13/2021 5:27:13 PM,CCBER-Admin,5/13/2021 5:27:13 PM,CCBER-Admin,-119.879878078745,34.4193403751351
231,NCOS,1 minor End,34.419477001,-119.879243990,8/6/2019 12:00:00 AM,11:31:56am,4.3,0.6,c24dfefb-ff38-4713-b43d-2942c3282d9f,5/13/2021 5:27:13 PM,CCBER-Admin,5/13/2021 5:27:13 PM,CCBER-Admin,-119.879231513436,34.4194721468679
232,NCOS,1 Major Start,34.419180083,-119.879060135,8/6/2019 12:00:00 AM,11:32:55am,1.9,0.6,5845f6c6-953c-4d8e-9240-5dd98967e2f3,5/13/2021 5:27:13 PM,CCBER-Admin,5/13/2021 5:27:13 PM,CCBER-Admin,-119.879047658718,34.4191752303885
233,NCOS,1 minor Start,34.419133764,-119.879373798,8/6/2019 12:00:00 AM,11:33:31am,3.7,0.6,567e3cb1-0290-44e3-8d42-6366ed6ad86f,5/13/2021 5:27:13 PM,CCBER-Admin,5/13/2021 5:27:13 PM,CCBER-Admin,-119.879361322465,34.4191289108631
234,North Parcel,7 Major Start,34.423711953,-119.883071599,8/8/2019 12:00:00 AM,09:33:10am,3.6,0.6,5d4e6dfa-f40a-4edc-b3e2-9fbd880205ef,5/13/2021 5:27:13 PM,CCBER-Admin,5/13/2021 5:27:13 PM,CCBER-Admin,-119.883059121461,34.4237070987915
235,North Parcel,7 Major End,34.423812542,-119.883328440,8/8/2019 12:00:00 AM,09:38:48am,6.8,0.6,ea6da555-b7dc-4b2a-a31b-3b429a9d6cd9,5/13/2021 5:27:13 PM,CCBER-Admin,5/13/2021 5:27:13 PM,CCBER-Admin,-119.883315962462,34.4238076880232
236,North Parcel,6 Major Start,34.423737086,-119.883501488,8/8/2019 12:00:00 AM,09:39:18am,6.8,0.6,57973687-c287-4ea3-8e8d-2dc725be4d3e,5/13/2021 5:27:13 PM,CCBER-Admin,5/13/2021 5:27:13 PM,CCBER-Admin,-119.883489010228,34.4237322323299
237,North Parcel,6 minor Start,34.423752342,-119.883574838,8/8/2019 12:00:00 AM,09:39:54am,3.4,0.6,efed5610-7ef6-40b7-ba04-9dc1ae37be2c,5/13/2021 5:27:13 PM,CCBER-Admin,5/13/2021 5:27:13 PM,CCBER-Admin,-119.883562360434,34.4237474894278
238,North Parcel,6 Major End,34.423685744,-119.883603274,8/8/2019 12:00:00 AM,09:40:17am,1.9,0.6,af5cacbe-9abe-493c-8250-121fc59789ad,5/13/2021 5:27:13 PM,CCBER-Admin,5/13/2021 5:27:13 PM,CCBER-Admin,-119.883590795982,34.4236808904553
239,North Parcel,"6 ,minor End",34.423660170,-119.883534403,8/8/2019 12:00:00 AM,09:40:36am,2,0.6,455b7060-e0b5-49e5-8623-ce1915f7c22a,5/13/2021 5:27:13 PM,CCBER-Admin,5/13/2021 5:27:13 PM,CCBER-Admin,-119.883521925162,34.4236553170894
240,North Parcel,7 Major Start,34.423688990,-119.883217919,8/8/2019 12:00:00 AM,09:41:43am,1.5,0.6,59d060e4-8121-4e84-939f-62d7a92c4900,5/13/2021 5:27:13 PM,CCBER-Admin,5/13/2021 5:27:13 PM,CCBER-Admin,-119.883205441651,34.4236841369554
241,North Parcel,7 minor End,34.423858193,-119.883174240,8/8/2019 12:00:00 AM,09:42:12am,1.9,0.6,cb6842a3-d467-4ec1-a405-982cc240b257,5/13/2021 5:27:13 PM,CCBER-Admin,5/13/2021 5:27:13 PM,CCBER-Admin,-119.883161762455,34.4238533396512
242,North Parcel,8 Major Start,34.423882371,-119.883041869,8/8/2019 12:00:00 AM,09:43:00am,2.1,0.6,0c262ad8-b469-424d-8a09-123f0d30b923,5/13/2021 5:27:13 PM,CCBER-Admin,5/13/2021 5:27:13 PM,CCBER-Admin,-119.883029391955,34.4238775176281
243,North Parcel,8 minor End,34.423741464,-119.883029605,8/8/2019 12:00:00 AM,09:43:38am,1.9,0.6,f21f9a91-cdf6-49a3-81a1-0e1e96fea8e2,5/13/2021 5:27:13 PM,CCBER-Admin,5/13/2021 5:27:13 PM,CCBER-Admin,-119.883017126836,34.4237366100397
244,North Parcel,8 Major End,34.423620641,-119.882881812,8/8/2019 12:00:00 AM,09:44:13am,2.5,0.6,a3d7b8cb-0c98-42be-91e4-91cf202a9902,5/13/2021 5:27:13 PM,CCBER-Admin,5/13/2021 5:27:13 PM,CCBER-Admin,-119.882869334945,34.4236157869297
245,North Parcel,8 minor End,34.423766083,-119.882910512,8/8/2019 12:00:00 AM,09:44:47am,3.4,0.6,f2b4ef05-357d-4a70-9a99-ff893542f2d6,5/13/2021 5:27:13 PM,CCBER-Admin,5/13/2021 5:27:13 PM,CCBER-Admin,-119.882898035,34.4237612300277
246,North Parcel,9 Major End,34.423447963,-119.882503535,8/8/2019 12:00:00 AM,09:47:17am,1.4,0.6,e4e652f5-3a24-4d77-9821-3769095837bd,5/13/2021 5:27:13 PM,CCBER-Admin,5/13/2021 5:27:13 PM,CCBER-Admin,-119.882491057614,34.423443109422
247,North Parcel,9 minor End,34.423534794,-119.882409050,8/8/2019 12:00:00 AM,09:48:18am,3.3,0.6,70969f8d-13dc-4e06-9a3e-dcd119312231,5/13/2021 5:27:13 PM,CCBER-Admin,5/13/2021 5:27:13 PM,CCBER-Admin,-119.882396572918,34.4235299399906
248,North Parcel,9 Major Start,34.423462436,-119.882327009,8/8/2019 12:00:00 AM,09:48:41am,5.8,0.6,4f02c879-0def-472a-98a4-7860e0cb92c2,5/13/2021 5:27:13 PM,CCBER-Admin,5/13/2021 5:27:13 PM,CCBER-Admin,-119.882314532324,34.4234575818631
249,North Parcel,9 minor Start,34.423368016,-119.882407551,8/8/2019 12:00:00 AM,09:49:09am,6.6,0.6,cb108a7b-adbb-4837-aacb-862c81e98a11,5/13/2021 5:27:13 PM,CCBER-Admin,5/13/2021 5:27:13 PM,CCBER-Admin,-119.88239507434,34.4233631627899
250,North Parcel,4 Major Start,34.423097205,-119.883512408,8/8/2019 12:00:00 AM,09:52:55am,2.9,0.6,f71c689e-b2b3-406d-bfb8-9562472f1d8b,5/13/2021 5:27:13 PM,CCBER-Admin,5/13/2021 5:27:13 PM,CCBER-Admin,-119.883499930448,34.4230923512746
251,North Parcel,4 minor End,34.423117269,-119.883636832,8/8/2019 12:00:00 AM,09:53:26am,2.2,0.6,6fb6bba6-4f78-4764-827e-33f0bbc16204,5/13/2021 5:27:13 PM,CCBER-Admin,5/13/2021 5:27:13 PM,CCBER-Admin,-119.883624354826,34.4231124155099
252,North Parcel,4 minor Start,34.423021682,-119.883603362,8/8/2019 12:00:00 AM,09:53:48am,3,0.6,36fe8c53-91f8-4cda-973e-e83bf3cabdcf,5/13/2021 5:27:13 PM,CCBER-Admin,5/13/2021 5:27:13 PM,CCBER-Admin,-119.883590884812,34.4230168285489
253,North Parcel,4 Major End,34.422994058,-119.883833900,8/8/2019 12:00:00 AM,09:54:44am,2,0.6,a340457c-3f46-4a22-b583-7e1da555057d,5/13/2021 5:27:13 PM,CCBER-Admin,5/13/2021 5:27:13 PM,CCBER-Admin,-119.883821422315,34.422989204639
254,North Parcel,3 minor End,34.422923368,-119.883720836,8/8/2019 12:00:00 AM,09:55:25am,3,0.6,466f437f-5cf6-4e56-b367-031fdbd5c9fd,5/13/2021 5:27:13 PM,CCBER-Admin,5/13/2021 5:27:13 PM,CCBER-Admin,-119.883708358664,34.4229185141051
255,North Parcel,3 Major Start,34.422915240,-119.883619996,8/8/2019 12:00:00 AM,09:57:55am,3,0.6,1005e4e8-7bda-49b2-bdbf-d9c688f1726f,5/13/2021 5:27:13 PM,CCBER-Admin,5/13/2021 5:27:13 PM,CCBER-Admin,-119.883607518309,34.4229103862519
256,North Parcel,3 minor Start,34.422832295,-119.883679085,8/8/2019 12:00:00 AM,09:58:19am,3,0.6,49814436-b609-4a9f-b03b-0b384187de3c,5/13/2021 5:27:13 PM,CCBER-Admin,5/13/2021 5:27:13 PM,CCBER-Admin,-119.883666606869,34.4228274415754
257,North Parcel,3 Major End,34.422852856,-119.883764805,8/8/2019 12:00:00 AM,09:58:44am,1.9,0.6,be506196-7fe1-4909-8e23-d95737cc307c,5/13/2021 5:27:13 PM,CCBER-Admin,5/13/2021 5:27:13 PM,CCBER-Admin,-119.883752327267,34.4228480021828
258,North Parcel,16 minor Start,34.422395344,-119.881735139,8/8/2019 12:00:00 AM,10:10:40am,2.9,0.6,86a704fe-ec65-4e7f-ad92-26d5d95e0847,5/13/2021 5:27:13 PM,CCBER-Admin,5/13/2021 5:27:13 PM,CCBER-Admin,-119.881722661784,34.4223904907753
259,North Parcel,16 Major End,34.422551549,-119.881801262,8/8/2019 12:00:00 AM,10:11:09am,3.5,0.6,f44faa37-e454-4d5e-a9e4-e2ab88845d7e,5/13/2021 5:27:13 PM,CCBER-Admin,5/13/2021 5:27:13 PM,CCBER-Admin,-119.881788785213,34.4225466957454
260,North Parcel,16 minor End,34.422600670,-119.881647892,8/8/2019 12:00:00 AM,10:11:41am,2.9,0.6,04378227-9b75-449a-8c0c-1336422c6681,5/13/2021 5:27:13 PM,CCBER-Admin,5/13/2021 5:27:13 PM,CCBER-Admin,-119.881635414831,34.4225958166892
261,North Parcel,16 Major Start,34.422470447,-119.881536254,8/8/2019 12:00:00 AM,10:13:00am,1.8,0.6,8a09eb89-7630-44c0-96de-dd5aefc11d54,5/13/2021 5:27:13 PM,CCBER-Admin,5/13/2021 5:27:13 PM,CCBER-Admin,-119.881523776843,34.4224655936962
262,North Parcel,14 Major Start,34.422724521,-119.881682038,8/8/2019 12:00:00 AM,10:21:55am,6.3,0.6,e8de03d7-a35a-41a0-9d8e-cba3256ac036,5/13/2021 5:27:13 PM,CCBER-Admin,5/13/2021 5:27:13 PM,CCBER-Admin,-119.881669561227,34.422719666818
263,North Parcel,14 minor End,34.422847620,-119.881792756,8/8/2019 12:00:00 AM,10:22:27am,2,0.6,58c88be2-2af0-4e8b-b9e8-a2d1c424b396,5/13/2021 5:27:13 PM,CCBER-Admin,5/13/2021 5:27:13 PM,CCBER-Admin,-119.881780279336,34.422842766237
264,North Parcel,14 Major End,34.422805456,-119.881984736,8/8/2019 12:00:00 AM,10:23:11am,2.9,0.6,f903bfbd-0b57-4770-99c1-0b3d6b3f82a2,5/13/2021 5:27:13 PM,CCBER-Admin,5/13/2021 5:27:13 PM,CCBER-Admin,-119.881972258809,34.4228006030271
265,North Parcel,PH1 minor End,34.423035123,-119.879335220,8/8/2019 12:00:00 AM,10:30:25am,1.8,0.6,8f1facc2-0317-4aed-92ec-3bb442e0d9bd,5/13/2021 5:27:13 PM,CCBER-Admin,5/13/2021 5:27:13 PM,CCBER-Admin,-119.879322743262,34.4230302697944
266,North Parcel,PH1 Major End,34.422911669,-119.879400750,8/8/2019 12:00:00 AM,10:30:51am,3,0.6,81512f0d-6b89-4be0-b1da-a83cec3dd6f9,5/13/2021 5:27:13 PM,CCBER-Admin,5/13/2021 5:27:13 PM,CCBER-Admin,-119.879388273247,34.4229068149686
267,North Parcel,PH1 minor Start,34.422880350,-119.879258070,8/8/2019 12:00:00 AM,10:33:04am,2.2,0.6,dbb79a90-d6c5-49e1-8398-9bb8209f8311,5/13/2021 5:27:13 PM,CCBER-Admin,5/13/2021 5:27:13 PM,CCBER-Admin,-119.879245593634,34.4228754967514
268,North Parcel,PH1 Major Start,34.423054273,-119.879223043,8/8/2019 12:00:00 AM,10:34:00am,3.5,0.6,6037c54f-944b-483b-a620-d4d45d669c59,5/13/2021 5:27:13 PM,CCBER-Admin,5/13/2021 5:27:13 PM,CCBER-Admin,-119.879210566952,34.423049418505
269,North Parcel,19 minor End,34.422074375,-119.879432101,8/8/2019 12:00:00 AM,10:38:08am,3.3,4.8,dcbfabba-b79b-4e45-b9e4-74c0cc314059,5/13/2021 5:27:13 PM,CCBER-Admin,5/13/2021 5:27:13 PM,CCBER-Admin,-119.879419624453,34.422069522138
270,North Parcel,19 Major Start,34.422036083,-119.879436449,8/8/2019 12:00:00 AM,10:38:28am,2.7,2.6,041d61cc-ef15-4d44-acbd-fdd4d9e2455f,5/13/2021 5:27:13 PM,CCBER-Admin,5/13/2021 5:27:13 PM,CCBER-Admin,-119.879423972336,34.4220312297504
271,North Parcel,19 minor Start,34.421979576,-119.879330756,8/8/2019 12:00:00 AM,10:39:14am,3.3,2.1,448ba46f-1a6e-4fe0-9a8f-38ef8d9a8620,5/13/2021 5:27:13 PM,CCBER-Admin,5/13/2021 5:27:13 PM,CCBER-Admin,-119.879318279263,34.4219747225631
272,North Parcel,19 Major End,34.422208395,-119.879217280,8/8/2019 12:00:00 AM,10:40:28am,4.3,0.6,fc33b715-913b-47b6-b499-73c5b8b2a888,5/13/2021 5:27:13 PM,CCBER-Admin,5/13/2021 5:27:13 PM,CCBER-Admin,-119.87920480388,34.4222035415343
273,South Parcel,7 Major End,34.419634973,-119.884676702,8/8/2019 12:00:00 AM,10:59:38am,3.6,0.6,8409112a-4432-4ce5-8eb8-a481b72d5730,5/13/2021 5:27:13 PM,CCBER-Admin,5/13/2021 5:27:13 PM,CCBER-Admin,-119.884664224347,34.4196301202478
274,South Parcel,7 minor End,34.419522172,-119.884565837,8/8/2019 12:00:00 AM,11:00:29am,5.1,0.6,2dc4b25a-6155-41bd-bbe4-f56a3d0f742b,5/13/2021 5:27:13 PM,CCBER-Admin,5/13/2021 5:27:13 PM,CCBER-Admin,-119.884553359454,34.4195173184304
275,South Parcel,7 minor Start,34.419477579,-119.884771983,8/8/2019 12:00:00 AM,11:01:19am,2.9,9.6,b2a0826b-e9d5-4890-b149-748db003da37,5/13/2021 5:27:13 PM,CCBER-Admin,5/13/2021 5:27:13 PM,CCBER-Admin,-119.884759505766,34.4194727259058
276,South Parcel,8 Major End,34.419463616,-119.884345303,8/8/2019 12:00:00 AM,11:02:52am,4.3,0.6,b203e16a-87bc-4849-97f4-f71285e7a6e1,5/13/2021 5:27:13 PM,CCBER-Admin,5/13/2021 5:27:13 PM,CCBER-Admin,-119.884332825714,34.4194587624797
277,South Parcel,8 minor Start,34.419511612,-119.884203980,8/8/2019 12:00:00 AM,11:03:23am,2.5,0.6,0d4bb730-7569-493e-8cf6-1ec4a5e4f415,5/13/2021 5:27:13 PM,CCBER-Admin,5/13/2021 5:27:13 PM,CCBER-Admin,-119.88419150255,34.4195067591421
278,South Parcel,8 Major Start,34.419674115,-119.884543943,8/8/2019 12:00:00 AM,11:04:06am,3.2,0.6,91d48309-604b-4861-ac0b-c0e5f4e68d8f,5/13/2021 5:27:13 PM,CCBER-Admin,5/13/2021 5:27:13 PM,CCBER-Admin,-119.884531465076,34.4196692613399
279,South Parcel,9 minor Start,34.419421459,-119.884223644,8/8/2019 12:00:00 AM,11:05:19am,2.5,0.6,7e7d4654-aa77-4568-87dc-90b26adae80b,5/13/2021 5:27:13 PM,CCBER-Admin,5/13/2021 5:27:13 PM,CCBER-Admin,-119.884211166667,34.4194166063269
280,South Parcel,9 Major Start,34.419327875,-119.884134161,8/8/2019 12:00:00 AM,11:05:44am,2.3,2.2,8bdcc0b4-503f-49f5-af78-7917ebe9178b,5/13/2021 5:27:13 PM,CCBER-Admin,5/13/2021 5:27:13 PM,CCBER-Admin,-119.884121683677,34.4193230222273
281,South Parcel,9 minor End,34.419291437,-119.884240818,8/8/2019 12:00:00 AM,11:06:06am,6.1,0.6,bd637108-cc14-4cbf-b111-532c424d2f53,5/13/2021 5:27:13 PM,CCBER-Admin,5/13/2021 5:27:13 PM,CCBER-Admin,-119.884228341317,34.4192865845904
282,South Parcel,8 Major End,34.419342121,-119.884344409,8/8/2019 12:00:00 AM,11:06:43am,2.2,0.6,40318981-a264-4a0b-aa6b-ffcf39b52f2c,5/13/2021 5:27:13 PM,CCBER-Admin,5/13/2021 5:27:13 PM,CCBER-Admin,-119.884331932175,34.4193372682463
283,South Parcel,7 Major Start,34.419152101,-119.884477172,8/8/2019 12:00:00 AM,11:10:21am,2.2,0.6,8a235c24-520e-4a85-bf61-ec5ab0b1ed6f,5/13/2021 5:27:13 PM,CCBER-Admin,5/13/2021 5:27:13 PM,CCBER-Admin,-119.884464694874,34.4191472477631
284,South Parcel,6 Major Start,34.418916192,-119.884416307,8/8/2019 12:00:00 AM,11:11:41am,2.5,0.6,56dddb6d-099c-48e6-a739-457facec93ac,5/13/2021 5:27:13 PM,CCBER-Admin,5/13/2021 5:27:13 PM,CCBER-Admin,-119.884403830577,34.4189113393328
285,South Parcel,6 minor Start,34.418954740,-119.884216213,8/8/2019 12:00:00 AM,11:12:26am,2.2,0.6,a7253a1d-2ca9-4902-aaa9-ad67dc7b5ef6,5/13/2021 5:27:13 PM,CCBER-Admin,5/13/2021 5:27:13 PM,CCBER-Admin,-119.884203735419,34.4189498870547
286,South Parcel,6 minor End,34.418743639,-119.884305866,8/8/2019 12:00:00 AM,11:12:58am,2,0.6,48086352-9d4d-4e1a-9bba-e65d5dbb3295,5/13/2021 5:27:13 PM,CCBER-Admin,5/13/2021 5:27:13 PM,CCBER-Admin,-119.884293388748,34.4187387860937
287,South Parcel,6 Major End,34.418764767,-119.884109387,8/8/2019 12:00:00 AM,11:13:27am,2,0.6,093467d7-d419-47cb-ab80-6135fdedb862,5/13/2021 5:27:13 PM,CCBER-Admin,5/13/2021 5:27:13 PM,CCBER-Admin,-119.884096909378,34.4187599137549
288,South Parcel,5 Major Start,34.418623381,-119.884092825,8/8/2019 12:00:00 AM,11:13:57am,2.5,0.6,ba91e4f6-84cb-4838-8074-75d39d72f1cc,5/13/2021 5:27:13 PM,CCBER-Admin,5/13/2021 5:27:13 PM,CCBER-Admin,-119.884080348736,34.4186185283271
289,South Parcel,5 minor End,34.418560862,-119.883955718,8/8/2019 12:00:00 AM,11:14:55am,2.5,0.6,eca7520d-2fb1-4002-affc-78c09fa7e36c,5/13/2021 5:27:13 PM,CCBER-Admin,5/13/2021 5:27:13 PM,CCBER-Admin,-119.883943241463,34.4185560093563
290,South Parcel,5 Major End,34.418432894,-119.883963203,8/8/2019 12:00:00 AM,11:15:38am,2.5,0.6,aa2e6cbc-984c-400b-8b9c-de78b7d652ad,5/13/2021 5:27:13 PM,CCBER-Admin,5/13/2021 5:27:13 PM,CCBER-Admin,-119.883950725837,34.4184280407363
291,South Parcel,5 minor Start,34.418491264,-119.884097417,8/8/2019 12:00:00 AM,11:16:09am,2.7,0.6,762a0fc6-5c19-4183-9025-1833c567cbfa,5/13/2021 5:27:13 PM,CCBER-Admin,5/13/2021 5:27:13 PM,CCBER-Admin,-119.884084939502,34.4184864109204
292,South Parcel,4 minor End,34.418445500,-119.884175439,8/8/2019 12:00:00 AM,11:16:33am,2.6,0.6,fabea545-5c11-4fb2-857a-cab0172115e0,5/13/2021 5:27:13 PM,CCBER-Admin,5/13/2021 5:27:13 PM,CCBER-Admin,-119.884162961995,34.4184406475341
293,South Parcel,4 Major Start,34.418532320,-119.884250614,8/8/2019 12:00:00 AM,11:16:59am,4.8,0.6,b1cdd518-1a42-4f2b-b9db-5e05fae17f96,5/13/2021 5:27:13 PM,CCBER-Admin,5/13/2021 5:27:13 PM,CCBER-Admin,-119.884238136589,34.4185274667545
294,South Parcel,4 minor Start,34.418409463,-119.884329483,8/8/2019 12:00:00 AM,11:17:28am,2.4,0.6,66bae3ef-84e2-456c-8354-4b28a5bd5072,5/13/2021 5:27:13 PM,CCBER-Admin,5/13/2021 5:27:13 PM,CCBER-Admin,-119.884317005573,34.4184046106302
295,South Parcel,4 Major End,34.418318154,-119.884221615,8/8/2019 12:00:00 AM,11:18:04am,4.6,0.6,ada5b424-68ab-4e90-bcd0-2fbb2aa22626,5/13/2021 5:27:13 PM,CCBER-Admin,5/13/2021 5:27:13 PM,CCBER-Admin,-119.884209138036,34.4183133013597
296,South Parcel,3 Major Start,34.418241786,-119.884317575,8/8/2019 12:00:00 AM,11:18:42am,4.6,0.6,433b9ee4-d85c-4f39-bce4-9844911bb3c0,5/13/2021 5:27:13 PM,CCBER-Admin,5/13/2021 5:27:13 PM,CCBER-Admin,-119.884305098547,34.4182369328748
297,South Parcel,3 minor Start,34.418058905,-119.884396012,8/8/2019 12:00:00 AM,11:19:14am,4.7,0.6,fad8ec7c-2ec1-40b9-b486-ebb9f2979755,5/13/2021 5:27:13 PM,CCBER-Admin,5/13/2021 5:27:13 PM,CCBER-Admin,-119.88438353507,34.4180540520537
298,South Parcel,3 Major End,34.417922544,-119.884263662,8/8/2019 12:00:00 AM,11:19:54am,4.7,0.6,f3adfb0b-196d-431d-bcdd-755026ddb987,5/13/2021 5:27:13 PM,CCBER-Admin,5/13/2021 5:27:13 PM,CCBER-Admin,-119.884251185084,34.4179176919161
299,South Parcel,3 minor End,34.418105129,-119.884174499,8/8/2019 12:00:00 AM,11:21:38am,3.3,0.6,2b710174-5b53-4150-a9e8-df010c52fe1e,5/13/2021 5:27:13 PM,CCBER-Admin,5/13/2021 5:27:13 PM,CCBER-Admin,-119.884162022262,34.4181002758291
300,South Parcel,2 Major Start,34.418072334,-119.884056260,8/8/2019 12:00:00 AM,11:22:16am,4.6,0.6,f58c7367-f88d-46d4-b382-0c6b0a2fa5b7,5/13/2021 5:27:13 PM,CCBER-Admin,5/13/2021 5:27:13 PM,CCBER-Admin,-119.884043783509,34.4180674808735
301,South Parcel,2 minor End,34.418252074,-119.884026152,8/8/2019 12:00:00 AM,11:23:02am,1.8,0.6,4451d2df-4c29-4d6a-9d98-c68fa6c3783a,5/13/2021 5:27:13 PM,CCBER-Admin,5/13/2021 5:27:13 PM,CCBER-Admin,-119.884013674802,34.418247221255
302,South Parcel,1 minor Start,34.418181575,-119.883941918,8/8/2019 12:00:00 AM,11:23:46am,4.5,0.6,ea7b6035-bfdf-4ef3-96d5-accb2f7d0e0a,5/13/2021 5:27:13 PM,CCBER-Admin,5/13/2021 5:27:13 PM,CCBER-Admin,-119.883929440818,34.4181767215313
303,South Parcel,1 Major End,34.418092879,-119.883756313,8/8/2019 12:00:00 AM,11:24:21am,4.6,0.6,7fb94935-df35-423e-9097-c62ac0ff89b8,5/13/2021 5:27:13 PM,CCBER-Admin,5/13/2021 5:27:13 PM,CCBER-Admin,-119.883743836814,34.4180880260174
304,South Parcel,1 minor End,34.418266485,-119.883746490,8/8/2019 12:00:00 AM,11:24:51am,1.7,0.6,483d2ea2-b53a-47f3-b91a-9a0d5db90eb1,5/13/2021 5:27:13 PM,CCBER-Admin,5/13/2021 5:27:13 PM,CCBER-Admin,-119.883734012449,34.4182616317889
305,South Parcel,1 Major Start,34.418360038,-119.883908494,8/8/2019 12:00:00 AM,11:25:30am,2.5,0.6,782b903e-25be-4ab4-b5a9-41c55f87f97b,5/13/2021 5:27:13 PM,CCBER-Admin,5/13/2021 5:27:13 PM,CCBER-Admin,-119.883896017041,34.4183551851947
306,South Parcel,2 Major Start,34.418335625,-119.884132882,8/8/2019 12:00:00 AM,11:26:02am,2.6,0.6,3a3bdaa2-8d54-4542-9c91-513f33c61062,5/13/2021 5:27:13 PM,CCBER-Admin,5/13/2021 5:27:13 PM,CCBER-Admin,-119.8841204047,34.4183307722531
307,South Parcel,2 minor Start,34.418211896,-119.884209506,8/8/2019 12:00:00 AM,11:26:48am,4.5,0.6,d0ae4af9-81f1-4de1-b764-eca74d6cb9fd,5/13/2021 5:27:13 PM,CCBER-Admin,5/13/2021 5:27:13 PM,CCBER-Admin,-119.884197029951,34.4182070430678
308,South Parcel,SWW1 Major Start,34.416608833,-119.883950138,8/8/2019 12:00:00 AM,11:30:26am,4,0.6,52c1ba10-6510-41a3-8699-d5067ce75768,5/13/2021 5:27:13 PM,CCBER-Admin,5/13/2021 5:27:13 PM,CCBER-Admin,-119.883937662035,34.4166039798777
309,South Parcel,SWW1 minor Start NS,34.416746727,-119.884058917,8/8/2019 12:00:00 AM,11:31:11am,2.5,0.6,fabdca19-fa7b-45be-a789-82e553635b02,5/13/2021 5:27:13 PM,CCBER-Admin,5/13/2021 5:27:13 PM,CCBER-Admin,-119.884046440446,34.4167418742003
310,South Parcel,SWW1 Major End,34.416570505,-119.884332061,8/8/2019 12:00:00 AM,11:32:24am,6.8,0.6,83baabae-d4f6-4656-8416-216e1db86a1e,5/13/2021 5:27:13 PM,CCBER-Admin,5/13/2021 5:27:13 PM,CCBER-Admin,-119.884319584178,34.4165656524834
311,South Parcel,SWW1 minor End,34.416457969,-119.884218581,8/8/2019 12:00:00 AM,11:33:19am,6.7,0.6,dee38ee7-8a2b-406a-9a18-47c977df1303,5/13/2021 5:27:13 PM,CCBER-Admin,5/13/2021 5:27:13 PM,CCBER-Admin,-119.884206104448,34.4164531164464
312,Sierra Madre,Minor Start,34.419825998,-119.871477402,9/4/2019 12:00:00 AM,10:17:08am,2.5,2.5,cdc77c3c-24ea-4ef5-94d2-61eac155bcf1,5/13/2021 5:27:13 PM,CCBER-Admin,5/13/2021 5:27:13 PM,CCBER-Admin,-119.871464926542,34.4198211439524
313,Sierra Madre,Minor End,34.419585378,-119.871443573,9/4/2019 12:00:00 AM,10:19:41am,2.3,2.4,15c9f4ff-1e48-434d-b9f3-c88780ec24fb,5/13/2021 5:27:13 PM,CCBER-Admin,5/13/2021 5:27:13 PM,CCBER-Admin,-119.871431097588,34.4195805249083
314,Sierra Madre,Major Start,34.419676471,-119.871703222,9/4/2019 12:00:00 AM,10:22:30am,2.6,2.1,119a9fe3-0dfa-4640-8599-8c1534cb894d,5/13/2021 5:27:13 PM,CCBER-Admin,5/13/2021 5:27:13 PM,CCBER-Admin,-119.87169074661,34.4196716174694
315,Sierra Madre,Major End,34.419719014,-119.871251797,9/4/2019 12:00:00 AM,10:23:25am,2.6,1.9,ae1b7971-ebe2-4f81-ba82-d30d12a8f941,5/13/2021 5:27:13 PM,CCBER-Admin,5/13/2021 5:27:13 PM,CCBER-Admin,-119.871239322691,34.4197141600806
